filename,PEF,Letter,Potato,Temperature,Time,%k0,%k1,%k2,%k3,%k4,%k5,%k6,%k7,%k8,%k9,%k10,%k11,%k12,%k13,%k14,%k15,%k16,%k17,%k18,%k19,Final majority vote
No PEF A-170_t1_c2,No,A,Healthy,170,1.0,0,0,0,0,0,0,0,0,0,0,0,0,0,0,0,15.14%,81.29%,3.57%,0,0,"""00"""
No PEF A-170_t1_c3,No,A,Healthy,170,1.0,0,0,0,0,0,0,0,0,0,0,0,0,0,0,3.94%,34.12%,59.64%,2.30%,0,0,"""00"""
No PEF A-170_t1_c4,No,A,Healthy,170,1.0,0,0,0,0,0,0,0,0,0,0,0,0,0,0,2.99%,18.35%,78.66%,0,0,0,<0
No PEF A-170_t1_c5,No,A,Healthy,170,1.0,0,0,0,0,0,0,0,0,0,0,0,0,0,0.44%,9.48%,80.84%,9.24%,0,0,0,"""00"""
No PEF A-170_t1_c6,No,A,Healthy,170,1.0,0,0,0,0,0,0,0,0,0,0,0,0,0,0,14.69%,78.14%,6.39%,0.77%,0,0,"""00"""
No PEF C-170_t1_c1,No,C,Healthy,170,1.0,0,0,0,0,0,0,0,0,0,0.47%,0,0,0.68%,2.07%,6.09%,64.39%,22.41%,3.88%,0,0,0
No PEF C-170_t1_c2,No,C,Healthy,170,1.0,0,0,0,0,0,0,0,0,0,0,0,0,0,5.12%,5.93%,15.56%,68.68%,4.71%,0,0,"""000"""
No PEF C-170_t1_c3,No,C,Healthy,170,1.0,0,0,0,0,0,0,0,0,0,0,0.46%,0,3.47%,1.88%,13.66%,59.61%,19.29%,1.62%,0,0,0
No PEF C-170_t1_c4,No,C,Healthy,170,1.0,0,0,0,0,0,0,0,0,0,0,0,0,0,2.21%,32.42%,58.60%,6.77%,0,0,0,0
PEF B-170_t1_c1,Yes,B,Healthy,170,1.0,0,0,0,0,0,0,0,0,0,0,0,0,0,2.86%,8.19%,49.19%,38.20%,1.56%,0,0,"""000"""
PEF B-170_t1_c2,Yes,B,Healthy,170,1.0,0,0,0,0.02%,0,0,0,0,0,0.01%,0,0,0,0,3.62%,23.39%,71.86%,1.10%,0,0,"""000"""
PEF B-170_t1_c4,Yes,B,Healthy,170,1.0,0,0,0,0,0,0,0,0,0,0,0,0,0,0,0,0,83.88%,16.12%,0,0,"""000"""
PEF D-170_t1_c1,Yes,D,Healthy,170,1.0,0,0,0,0,0,0,0,0,0,0,0,0,0.60%,1.76%,1.54%,16.75%,66.70%,12.65%,0,0,"""00"""
PEF D-170_t1_c2,Yes,D,Healthy,170,1.0,0,0,0,0,0,0,0,0,0,0,0,0,0,1.44%,7.79%,55.75%,30.25%,2.65%,0,2.11%,"""000"""
No PEF A-170_t2_c1,No,A,Healthy,170,2.0,0,0,0,0,0,0,0,0,0,0,0,0,0,0,34.79%,58.50%,6.71%,0,0,0,"""00"""
No PEF A-170_t2_c2,No,A,Healthy,170,2.0,0,0,0,0,0,0,0,0,0,0,0,0,0,0,5.17%,37.56%,49.76%,6.02%,0,1.49%,"""00"""
No PEF A-170_t2_c3,No,A,Healthy,170,2.0,0,0,0,0,0,0,0,0,0,0,0,0,0,0,1.69%,68.93%,29.39%,0,0,0,"""00"""
No PEF A-170_t2_c4,No,A,Healthy,170,2.0,0,0,0,0,0,0,0,0,0,0,0,0,0,0,0,42.20%,56.35%,1.45%,0,0,"""00"""
No PEF A-170_t2_c5,No,A,Healthy,170,2.0,0,0,0,0,0,0,0.01%,0,0,0,0,0,0,0.94%,2.14%,23.78%,69.70%,3.44%,0,0,<0
No PEF A-170_t2_c6,No,A,Healthy,170,2.0,0,0,0,0,0,0,0,0,0,0,0,0,0,0,9.64%,35.16%,48.99%,4.86%,0,1.35%,"""00"""
No PEF B-170_t2_c1,No,B,Healthy,170,2.0,0,0,0,0,0,0,0,0,0,0,0,0,0.43%,0.88%,4.28%,21.85%,71.62%,0.94%,0,0,"""00"""
No PEF B-170_t2_c2,No,B,Healthy,170,2.0,0,0,0,0,0,0,0,0,0.35%,0,0.88%,1.54%,1.55%,1.72%,8.24%,29.91%,55.81%,0,0,0,0
No PEF D-170_t2_c1,No,D,Healthy,170,2.0,0,0,0,0,0,0,0,0,0,0,0,0.83%,1.37%,2.00%,7.46%,49.49%,38.86%,0,0,0,<0
No PEF D-170_t2_c2,No,D,Healthy,170,2.0,0,0,0,0,0,0,0,0,0,0,0,0,0.28%,0.64%,4.16%,52.69%,40.96%,1.27%,0,0,"""000"""
No PEF D-170_t2_c3,No,D,Healthy,170,2.0,0,0,0,0,0,0,0,0,0,0,0,0,0,1.22%,8.00%,55.60%,33.54%,0,0,1.63%,0
No PEF D-170_t2_c4,No,D,Healthy,170,2.0,0,0,0,0,0,0,0,0,0,0,0,0,0,3.91%,10.53%,58.51%,26.07%,0.99%,0,0,0
PEF D-170_t2_c1,Yes,D,Healthy,170,2.0,0,0,0,0,0,0,0,0,0,0,0,0.98%,2.25%,2.49%,16.12%,39.17%,37.49%,1.49%,0,0,"""00"""
PEF D-170_t2_c2,Yes,D,Healthy,170,2.0,0,0,0,0,0,0,0,0,0,0,0,0.55%,1.78%,3.62%,14.67%,32.48%,44.99%,1.91%,0,0,0
PEF D-170_t2_c3,Yes,D,Healthy,170,2.0,0,0,0,0,0,0,0,0,0,0,0,0,0,0.44%,0.96%,16.11%,79.26%,3.23%,0,0,"""00"""
PEF D-170_t2_c4,Yes,D,Healthy,170,2.0,0,0,0,0,0,0,0,0,0,0,0,0,1.51%,2.00%,3.61%,39.41%,50.96%,2.51%,0,0,"""00"""
No PEF A-170_t3_c1,No,A,Healthy,170,3.0,0,0,0,0,0,0,0,0,0,0,0,0,6.73%,18.05%,53.26%,17.74%,4.22%,0,0,0,0.5
No PEF A-170_t3_c2,No,A,Healthy,170,3.0,0,0,0,0,0,0,0,0,0,0,1.01%,8.32%,23.83%,31.52%,29.43%,2.90%,2.99%,0,0,0,1
No PEF A-170_t3_c3,No,A,Healthy,170,3.0,0,0,0,0,0,0,0,0,0,0,0,0,0,0,15.86%,66.72%,13.04%,2.47%,0,1.91%,0
No PEF A-170_t3_c4,No,A,Healthy,170,3.0,0,0,0,0,0,0,0,0,0,0,0,0,0,9.21%,25.89%,48.42%,15.08%,1.39%,0,0,0
No PEF A-170_t3_c5,No,A,Healthy,170,3.0,0,0,0,0,0,0,0,0,0,0,0,0,1.04%,2.35%,40.78%,44.14%,11.69%,0,0,0,0
No PEF A-170_t3_c6,No,A,Healthy,170,3.0,0,0,0,0,0,0,0,0,0,0,0,0,0,0,0.75%,78.91%,19.34%,1.00%,0,0,0
No PEF B-170_t3_c1,No,B,Healthy,170,3.0,0,0,0,0,0,0,0,0.35%,0,0,0,2.07%,16.04%,7.42%,17.97%,52.75%,3.39%,0,0,0,0.5
No PEF B-170_t3_c2,No,B,Healthy,170,3.0,0,0,0,0,0,0,0,0,0,0,0.60%,0,2.05%,4.36%,18.55%,70.19%,4.24%,0,0,0,0
No PEF B-170_t3_c3,No,B,Healthy,170,3.0,0,0,0,0,0,0,0,0,0,0,0,0,0,2.28%,11.33%,79.49%,6.90%,0,0,0,0
PEF D-170_t3_c1,Yes,D,Healthy,170,3.0,0,0,0,0,0,0,0,0,0,0,0,0,1.38%,7.63%,10.45%,63.40%,17.13%,0,0,0,0
PEF D-170_t3_c2,Yes,D,Healthy,170,3.0,0,0,0,0,0,0,0,0,0,0,0,1.23%,1.78%,2.55%,10.23%,58.50%,25.72%,0,0,0,0
PEF D-170_t3_c3,Yes,D,Healthy,170,3.0,0,0,0,0,0,0,0,0,0,0,0,0,0,0,32.36%,64.92%,2.72%,0,0,0,0
PEF C-170_t4_c1,Yes,C,Healthy,170,4.0,0,0,0,0,0,0,0,0,0,0,0,0.23%,0,0,7.17%,51.52%,38.72%,2.37%,0,0,0
PEF C-170_t4_c2,Yes,C,Healthy,170,4.0,0,0,0,0,0,0,0,0,0,0,0,0,1.76%,2.64%,20.94%,70.50%,3.13%,1.02%,0,0,0.5
PEF C-170_t4_c3,Yes,C,Healthy,170,4.0,0,0,0,0,0,0,0,0,0,0,0,0,0,2.31%,39.22%,52.29%,2.86%,3.33%,0,0,0.5
PEF C-170_t4_c4,Yes,C,Healthy,170,4.0,0,0,0,0,0,0,0,0,0,0,0,0,0,0.62%,6.13%,75.51%,13.59%,4.15%,0,0,0
PEF D-170_t4_c1,Yes,D,Healthy,170,4.0,0,0,0,0,0,0,0,0,0,0,0,0,1.34%,5.28%,18.40%,72.30%,2.66%,0,0,0,0
PEF D-170_t4_c2,Yes,D,Healthy,170,4.0,0,0,0,0,0,0,0,0,0,0,0.80%,1.74%,3.70%,11.57%,23.24%,54.69%,4.27%,0,0,0,0
No PEF B-170_t5_c1,No,B,Healthy,170,5.0,0,0,0,0,0,2.38%,0,6.15%,25.71%,14.78%,34.05%,8.63%,2.73%,1.29%,1.55%,0,2.72%,0,0,0,3
No PEF D-170_t5_c1,No,D,Healthy,170,5.0,0,0,0,0,0,0,0,0,0,0,3.99%,11.43%,6.72%,14.08%,36.51%,22.42%,4.86%,0,0,0,0.5
No PEF D-170_t5_c2,No,D,Healthy,170,5.0,0,0,0,0,0,0,0,0,0,0.59%,0,1.44%,4.37%,16.76%,47.21%,24.36%,5.27%,0,0,0,1
No PEF D-170_t5_c3,No,D,Healthy,170,5.0,0,0,0,0,0,0,0,0,0,0,0,1.77%,4.57%,22.74%,25.79%,41.08%,3.01%,1.03%,0,0,0
No PEF D-170_t5_c4,No,D,Healthy,170,5.0,0,0,0,0,0,0,0,0,0,0,0,0,7.75%,31.69%,48.73%,6.93%,4.90%,0,0,0,0
PEF B-170_t5_c2,Yes,B,Healthy,170,5.0,0,0,0,0,0,0,0,0,0,0,0,4.45%,14.85%,32.07%,39.86%,5.31%,3.46%,0,0,0,1
No PEF D-170_t6_c1,No,D,Healthy,170,6.0,0,0,0,0,0,0,1.23%,0,3.60%,3.15%,4.39%,7.73%,17.43%,27.48%,30.45%,1.42%,3.12%,0,0,0,0.5
No PEF D-170_t6_c2,No,D,Healthy,170,6.0,0,0,0,0,0,0,0,0,1.40%,2.21%,2.63%,10.72%,24.44%,35.45%,15.71%,4.36%,3.08%,0,0,0,1
PEF B-170_t6_c1,Yes,B,Healthy,170,6.0,0,0,0,0,0,0,0,0,2.70%,0,3.30%,6.06%,4.99%,26.66%,39.91%,10.58%,3.32%,2.47%,0,0,1.5
PEF B-170_t6_c2,Yes,B,Healthy,170,6.0,0,0,0,0,0,0,0,0,0,0,0,2.74%,3.36%,20.25%,42.47%,20.57%,9.36%,1.25%,0,0,1
PEF B-170_t6_c3,Yes,B,Healthy,170,6.0,0,0,0,0,0,0,0,0,0,0,0.71%,0,4.99%,16.25%,38.33%,31.83%,5.72%,2.17%,0,0,1
PEF B-170_t6_c4,Yes,B,Healthy,170,6.0,0,0,0,0,0,0,0,0,1.80%,4.42%,9.24%,9.01%,9.28%,9.65%,36.32%,13.01%,5.71%,1.56%,0,0,2
PEF D-170_t6_c1,Yes,D,Healthy,170,6.0,0,0,0,0,0,0,0,1.30%,0,3.21%,10.51%,5.49%,18.37%,39.33%,15.65%,2.40%,3.72%,0,0,0,1.5
PEF D-170_t6_c2,Yes,D,Healthy,170,6.0,0,0,0,0,0,0,0,1.86%,5.75%,4.40%,2.58%,14.05%,35.13%,21.68%,9.10%,2.38%,3.06%,0,0,0,2
PEF D-170_t6_c3,Yes,D,Healthy,170,6.0,0,0,0,0,0,0,0,0,0,0,0.74%,0,8.93%,43.15%,36.22%,8.47%,2.49%,0,0,0,0.5
No PEF C-170_t7_c1,No,C,Healthy,170,7.0,0,0,0,0,0,0,0,0,0,2.83%,7.49%,9.67%,6.09%,6.22%,26.58%,26.47%,12.38%,2.26%,0,0,1.5
No PEF C-170_t7_c2,No,C,Healthy,170,7.0,0,0,0,0,0,0,0,0,0,0,0,1.36%,3.18%,7.91%,40.35%,39.83%,5.67%,1.71%,0,0,1
No PEF C-170_t7_c3,No,C,Healthy,170,7.0,0,0,0,0,0,0,0,0,0,0.68%,0,0,3.70%,20.32%,14.61%,36.53%,22.01%,2.15%,0,0,1
No PEF C-170_t7_c4,No,C,Healthy,170,7.0,0,0,0,0,0,0,0,0,0,0,0,3.96%,21.14%,18.98%,30.04%,22.15%,1.46%,2.27%,0,0,1.5
No PEF D-170_t7_c2,No,D,Healthy,170,7.0,0,0,0,0,0,0,2.00%,3.32%,0,3.44%,8.51%,18.81%,14.60%,26.43%,14.91%,2.33%,5.65%,0,0,0,1.5
No PEF D-170_t7_c3,No,D,Healthy,170,7.0,0,0,0,0,0,0,0,0,0,0,4.95%,4.36%,7.12%,24.95%,43.43%,9.13%,6.05%,0,0,0,1
No PEF D-170_t7_c4,No,D,Healthy,170,7.0,0,0,0,0,0,0,0,0,0,0,0,0,9.75%,46.37%,33.68%,7.22%,1.04%,1.94%,0,0,0.5
PEF B-170_t7_c1,Yes,B,Healthy,170,7.0,0,0,0,0,0,0,0,0,0,3.09%,6.24%,7.07%,20.52%,27.25%,21.29%,8.19%,6.35%,0,0,0,1.5
PEF B-170_t7_c2,Yes,B,Healthy,170,7.0,0,0,0,0,0,0,0,0,0,0,3.16%,0,26.73%,26.21%,34.82%,3.68%,4.09%,1.30%,0,0,1.5
PEF B-170_t7_c3,Yes,B,Healthy,170,7.0,0,0,0,0,0,0,0,0,0,0,0,5.27%,20.81%,24.55%,33.43%,8.91%,4.51%,2.52%,0,0,1
PEF B-170_t7_c4,Yes,B,Healthy,170,7.0,0,0,0,0,0,0,0,0,0,0,5.35%,10.67%,28.78%,30.05%,16.83%,1.52%,4.01%,2.80%,0,0,1.5
No PEF B-170_t8_c1,No,B,Healthy,170,8.0,0,0,0,0,0,0,0,0,0,2.10%,0,6.08%,10.84%,27.20%,35.46%,12.87%,5.45%,0,0,0,1.5
No PEF B-170_t8_c2,No,B,Healthy,170,8.0,0,0,0,0,0,0,0,0,1.32%,2.76%,3.09%,3.72%,9.47%,13.92%,32.83%,23.37%,6.12%,3.40%,0,0,1
No PEF B-170_t8_c3,No,B,Healthy,170,8.0,0,0,0,0,0,0,0,0,0,0,16.73%,19.74%,35.77%,17.10%,4.79%,3.10%,2.77%,0,0,0,2.5
No PEF B-170_t8_c4,No,B,Healthy,170,8.0,0,0,0,0,0,0,0,0,0,0,1.46%,4.89%,34.10%,31.15%,22.16%,1.92%,2.41%,1.91%,0,0,1.5
No PEF C-170_t8_c1,No,C,Healthy,170,8.0,0,0,0,0,0,0,0,0,2.77%,0,6.43%,6.32%,10.50%,25.30%,36.90%,6.50%,3.67%,1.62%,0,0,2
No PEF C-170_t8_c2,No,C,Healthy,170,8.0,0,0,0,0,0,0,0,1.24%,0,0,1.86%,5.44%,10.53%,6.96%,34.98%,32.99%,3.37%,2.63%,0,0,1.5
No PEF C-170_t8_c3,No,C,Healthy,170,8.0,0,0,0,0,0,0,4.20%,3.37%,0,6.66%,8.16%,10.90%,14.84%,9.70%,26.45%,8.75%,6.96%,0,0,0,2
No PEF C-170_t8_c4,No,C,Healthy,170,8.0,0,0,0,0,0,0,0,0,0,2.03%,2.27%,3.60%,0,16.71%,36.21%,35.00%,4.18%,0,0,0,1
No PEF D-170_t8_c1,No,D,Healthy,170,8.0,0,0,0,0,0,0,0,1.55%,8.43%,17.14%,46.67%,9.46%,8.91%,1.57%,1.40%,4.87%,0,0,0,0,2.5
No PEF D-170_t8_c3,No,D,Healthy,170,8.0,0,0,0,0,0,0,0,0,0,0,0,0,22.02%,36.14%,26.53%,13.35%,1.96%,0,0,0,1
No PEF D-170_t8_c4,No,D,Healthy,170,8.0,0,0,0,0,0,0,2.63%,5.26%,6.26%,12.83%,25.91%,16.92%,17.12%,5.91%,4.44%,0,2.71%,0,0,0,2
PEF D-170_t8_c1,Yes,D,Healthy,170,8.0,0,0,0,0,0,0,0,1.42%,0,3.66%,12.34%,9.39%,14.99%,22.32%,23.60%,8.48%,2.36%,1.45%,0,0,2
PEF D-170_t8_c2,Yes,D,Healthy,170,8.0,0,0,0,0,0,0,0,0,0,0,0,1.77%,17.46%,31.30%,43.72%,1.60%,1.82%,2.33%,0,0,1.5
PEF D-170_t8_c3,Yes,D,Healthy,170,8.0,0,0,0,0,0,0.60%,0,0.94%,1.93%,0,2.01%,3.67%,6.41%,19.65%,41.05%,19.31%,3.03%,1.40%,0,0,2
PEF D-170_t8_c4,Yes,D,Healthy,170,8.0,0,0,0,0,0,0,0,0,0,0,0,1.70%,9.74%,70.90%,11.89%,0.97%,4.80%,0,0,0,2
No PEF B-170_t9_c1,No,B,Healthy,170,9.0,0,0,0,0,0,0,0.95%,3.35%,0,6.69%,6.59%,11.24%,21.65%,32.74%,13.12%,1.39%,2.28%,0,0,0,1.5
No PEF B-170_t9_c2,No,B,Healthy,170,9.0,0,0,0,0,0,0,0,0,3.75%,0,5.94%,7.86%,12.92%,14.80%,35.96%,15.88%,2.90%,0,0,0,1
No PEF B-170_t9_c3,No,B,Healthy,170,9.0,0,0,0,0,0,1.11%,0,2.36%,4.79%,10.05%,9.44%,17.54%,22.64%,23.31%,5.24%,1.03%,2.50%,0,0,0,2
PEF C-170_t9_c1,Yes,C,Healthy,170,9.0,0,0,0,0,0,0,0,0,0,0,3.95%,10.92%,22.40%,29.26%,23.95%,8.24%,1.28%,0,0,0,1
PEF C-170_t9_c2,Yes,C,Healthy,170,9.0,0,0,0,0,0,0,0,0,1.66%,7.54%,17.64%,27.54%,30.88%,8.33%,1.33%,3.07%,2.01%,0,0,0,2
PEF C-170_t9_c3,Yes,C,Healthy,170,9.0,0,0,0,0,0,0,0.92%,0,5.78%,11.18%,15.68%,13.39%,33.92%,12.75%,1.52%,2.16%,2.71%,0,0,0,2
PEF C-170_t9_c4,Yes,C,Healthy,170,9.0,0,0,0,0,0,0,0,0,0,0,0,2.69%,11.59%,27.06%,40.29%,14.62%,3.74%,0,0,0,1
PEF C-170_t9_c5,Yes,C,Healthy,170,9.0,0,0,0,0,0,0,0,0,0,0,0,28.44%,42.60%,17.98%,5.90%,3.01%,2.08%,0,0,0,1
No PEF A-170_t10_c1,No,A,Healthy,170,10.0,0,0,0,0,0,1.30%,3.03%,4.49%,0,5.48%,6.06%,28.64%,30.19%,14.34%,4.09%,0,2.37%,0,0,0,2
No PEF A-170_t10_c2,No,A,Healthy,170,10.0,0,0,0,0,0,0,0,0,0,2.98%,8.93%,7.15%,19.97%,22.69%,16.71%,17.29%,4.28%,0,0,0,1.5
No PEF D-170_t10_c1,No,D,Healthy,170,10.0,0,0,0,0,0,0,0,2.39%,4.46%,15.21%,3.52%,7.88%,21.19%,33.54%,7.37%,4.44%,0,0,0,0,2
No PEF D-170_t10_c2,No,D,Healthy,170,10.0,0,0,0,0,0,0,0,0,0,0,15.71%,50.65%,20.10%,7.07%,1.91%,3.54%,1.02%,0,0,0,2
No PEF D-170_t10_c3,No,D,Healthy,170,10.0,0,0,0,0,0,0,0,0,0,0.21%,0,3.59%,17.48%,48.11%,28.23%,1.11%,1.27%,0,0,0,1
No PEF D-170_t10_c4,No,D,Healthy,170,10.0,0,0,0,0.53%,0,0,9.46%,9.13%,20.39%,28.66%,11.91%,6.99%,4.46%,3.94%,1.73%,2.79%,0,0,0,0,2.5
PEF B-170_t10_c2,Yes,B,Healthy,170,10.0,0,0,0,0,0,0,0,0,0,0,0,1.96%,3.24%,25.85%,37.69%,29.66%,1.60%,0,0,0,1
PEF B-170_t10_c3,Yes,B,Healthy,170,10.0,0,0,0,0,0,1.12%,0,1.79%,2.23%,0,7.21%,5.58%,33.98%,36.78%,6.91%,2.56%,1.83%,0,0,0,1.5
No PEF A-170_t11_c1,No,A,Healthy,170,13.0,0,0,0,0,0,0,1.09%,0,3.11%,9.05%,28.31%,17.66%,19.26%,14.31%,4.32%,2.88%,0,0,0,0,2.5
No PEF A-170_t11_c2,No,A,Healthy,170,13.0,0,0,0,0,0,0,0,0,0,0,9.78%,20.52%,35.59%,23.59%,6.95%,0,3.57%,0,0,0,2
No PEF A-170_t11_c3,No,A,Healthy,170,13.0,0,0,0,0,1.63%,0,3.30%,3.27%,0,3.44%,5.41%,15.98%,33.16%,23.83%,6.19%,1.61%,2.17%,0,0,0,2.5
No PEF A-170_t11_c4,No,A,Healthy,170,13.0,0,0,0,0,0,0,0,0,0,3.81%,12.81%,35.81%,26.72%,13.89%,1.80%,1.79%,3.37%,0,0,0,2
No PEF D-170_t11_c1,No,D,Healthy,170,13.0,0,0,0,0,0,0,0,0,0,0,3.82%,11.46%,19.14%,33.36%,21.70%,10.53%,0,0,0,0,1.5
No PEF D-170_t11_c2,No,D,Healthy,170,13.0,0,0,0,0,0,0,0,0,0,0,6.01%,20.16%,48.79%,17.10%,2.33%,3.69%,1.91%,0,0,0,2
No PEF D-170_t11_c3,No,D,Healthy,170,13.0,0,0,0,0,0,0,0,0,0,11.22%,11.67%,27.12%,27.24%,8.37%,11.19%,3.19%,0,0,0,0,2
No PEF D-170_t11_c4,No,D,Healthy,170,13.0,0,0,0,0,0,5.77%,10.26%,20.17%,13.21%,6.01%,8.34%,16.56%,10.25%,5.10%,1.63%,2.71%,0,0,0,0,3
PEF B-170_t11_c1,Yes,B,Healthy,170,13.0,0,0,0,0,0,0,0,0,0,0,0,0,17.54%,43.48%,32.26%,4.67%,2.04%,0,0,0,1
PEF B-170_t11_c2,Yes,B,Healthy,170,13.0,0,0,0,0,0,0,0,0,0,5.45%,38.68%,28.11%,16.87%,3.41%,2.43%,2.99%,2.06%,0,0,0,2.5
PEF B-170_t11_c3,Yes,B,Healthy,170,13.0,0,0,0,0,2.80%,0,3.35%,2.58%,3.56%,7.55%,9.25%,39.76%,21.43%,3.76%,1.67%,2.96%,1.34%,0,0,0,3
PEF B-170_t11_c4,Yes,B,Healthy,170,13.0,0,0,0,0,0,0,0,0,0,0,2.04%,1.83%,20.40%,45.09%,24.13%,3.02%,3.50%,0,0,0,2
No PEF D-170_t15_c1,No,D,Healthy,170,25.0,0,0,0,0,0,0,0,0,6.39%,9.01%,16.12%,17.60%,26.93%,12.08%,7.15%,2.53%,2.19%,0,0,0,2.5
No PEF D-170_t15_c2,No,D,Healthy,170,25.0,0,0,0,0,0,8.12%,13.17%,19.18%,16.94%,14.38%,12.21%,7.20%,1.11%,1.15%,3.36%,3.18%,0,0,0,0,3.5
No PEF D-170_t15_c3,No,D,Healthy,170,25.0,0,0,0,0,0,0,6.06%,5.04%,14.43%,19.53%,29.16%,10.67%,1.73%,3.86%,6.31%,3.23%,0,0,0,0,3.5
No PEF D-170_t15_c4,No,D,Healthy,170,25.0,0,0,0,0,5.15%,0,5.30%,3.03%,7.93%,24.71%,18.28%,16.30%,8.00%,4.32%,3.35%,3.63%,0,0,0,0,3.5
No PEF D-170_t16_c1,No,D,Healthy,170,28.0,0,0,0,0,0,0,1.08%,10.38%,19.30%,28.57%,20.41%,10.07%,1.89%,2.40%,3.32%,2.57%,0,0,0,0,3.5
No PEF D-170_t16_c2,No,D,Healthy,170,28.0,0,0,0,0,0,4.94%,6.17%,8.50%,13.65%,28.00%,22.24%,5.30%,2.08%,2.40%,4.86%,1.85%,0,0,0,0,3.5
No PEF D-170_t16_c3,No,D,Healthy,170,28.0,0,0,0,0,0,0,0,14.42%,16.86%,29.01%,12.03%,9.03%,7.06%,3.74%,4.25%,2.56%,1.03%,0,0,0,3.5
No PEF D-170_t16_c4,No,D,Healthy,170,28.0,0,0,0,3.28%,5.24%,10.78%,15.76%,37.22%,6.36%,6.89%,1.57%,3.82%,1.65%,3.80%,0,3.63%,0,0,0,0,4
No PEF D-170_t16_c5,No,D,Healthy,170,28.0,0,0,0,4.12%,0,7.65%,18.72%,23.35%,21.80%,11.32%,5.01%,0,0,3.03%,1.93%,3.07%,0,0,0,0,3.5
No PEF C-170_t17_c1,No,C,Healthy,170,31.0,0,0,0,0,0,0,3.05%,6.13%,23.77%,33.61%,19.13%,5.10%,4.79%,0,1.83%,0,2.59%,0,0,0,3.5
No PEF C-170_t17_c2,No,C,Healthy,170,31.0,0,0,0,0,0,4.85%,7.02%,8.43%,20.73%,17.31%,18.20%,11.17%,4.78%,1.52%,3.36%,0,2.64%,0,0,0,3.5
No PEF C-170_t17_c3,No,C,Healthy,170,31.0,0,0,0,0,0,0,6.97%,13.62%,22.75%,30.57%,9.16%,4.06%,4.80%,1.84%,2.70%,3.52%,0,0,0,0,3.5
No PEF C-170_t17_c4,No,C,Healthy,170,31.0,0,0,0,0,0,0,0,3.52%,25.64%,20.73%,28.82%,8.30%,4.61%,1.35%,3.37%,3.65%,0,0,0,0,3.5
No PEF D-170_t17_c1,No,D,Healthy,170,31.0,0,0,0,2.77%,4.76%,0,6.59%,6.00%,23.84%,20.27%,12.62%,8.71%,4.79%,2.06%,5.49%,2.10%,0,0,0,0,3.5
No PEF D-170_t17_c2,No,D,Healthy,170,31.0,0,0,0,0,0,4.02%,10.24%,22.93%,21.23%,14.40%,12.60%,3.54%,3.56%,0,4.84%,2.63%,0,0,0,0,3.5
No PEF D-170_t17_c3,No,D,Healthy,170,31.0,0,0,0,0,0,0,0,3.30%,17.84%,28.16%,25.26%,9.28%,7.69%,0,5.51%,0,2.97%,0,0,0,3.5
No PEF D-170_t17_c4,No,D,Healthy,170,31.0,0,0,0,0,0,0,1.98%,4.26%,28.25%,27.63%,13.22%,10.12%,6.52%,1.43%,3.66%,0,2.94%,0,0,0,3.5
PEF B-170_t4 (1)_c1,Yes,B,Healthy,170,4.0,0,0,0,0,0,0,0,0,0,0,0,0.74%,0,1.66%,6.92%,74.06%,12.30%,4.32%,0,0,0.5
PEF B-170_t4 (1)_c2,Yes,B,Healthy,170,4.0,0,0,0,0,0,0,0,0,0,0,0,0,1.08%,2.40%,6.14%,38.68%,44.86%,6.83%,0,0,0.5
PEF B-170_t4 (1)_c3,Yes,B,Healthy,170,4.0,0,0,0,0,0,0,0,0,0,0,0,0,0,1.43%,13.77%,46.10%,32.17%,6.52%,0,0,0.5
PEF B-170_t4 (1)_c4,Yes,B,Healthy,170,4.0,0,0,0,0,0,0,0,0.99%,0,1.91%,0,3.94%,5.13%,5.32%,34.41%,40.20%,6.10%,2.00%,0,0,1
PEF B-170_t4 (2)_c1,Yes,B,Healthy,170,4.0,0,0,0,0,0,0,0,0,0,0,0,0,0,2.44%,40.28%,48.37%,7.59%,0,0,1.32%,0.5
PEF B-170_t4 (2)_c2,Yes,B,Healthy,170,4.0,0,0,0,0,0,0,0,0,0,0,0,0,0,20.60%,60.82%,11.98%,6.60%,0,0,0,0.5
PEF B-170_t4 (2)_c3,Yes,B,Healthy,170,4.0,0,0,0,0,0,0,0,0,0,0,0,0,10.43%,48.16%,24.81%,9.46%,7.14%,0,0,0,0.5
PEF B-170_t4 (2)_c4,Yes,B,Healthy,170,4.0,0,0,0,0,0,0,0,0,0,0,0,0,1.07%,13.50%,44.75%,30.79%,7.73%,2.16%,0,0,0.5
PEF B-170_t4 (2)_c5,Yes,B,Healthy,170,4.0,0,0,0,0,0,0,0,0,0,0,0,0,0,5.31%,74.25%,10.58%,8.59%,0,0,1.27%,0.5
PEF B-170_t4 (2)_c6,Yes,B,Healthy,170,4.0,0,0,0,0,0,0,0,0,0,0,0,0.59%,5.46%,8.49%,44.55%,31.77%,9.13%,0,0,0,0.5
No PEF C-180_t1_c1,No,C,Healthy,180,1.0,0,0,0,0,0,0,0,0,0,0,0,0,0.53%,1.02%,10.64%,37.13%,48.42%,2.26%,0,0,<0
No PEF C-180_t1_c2,No,C,Healthy,180,1.0,0,0,0,0,0,0,0,0,0,0,0,0,0,0.92%,1.44%,37.74%,53.79%,6.11%,0,0,0
No PEF C-180_t1_c3,No,C,Healthy,180,1.0,0,0,0,0,0,0,0,0,0,0.57%,0.96%,0,2.56%,23.17%,20.75%,28.28%,23.71%,0,0,0,0
PEF B-180_t1_c2,Yes,B,Healthy,180,1.0,0,0,0,0,0,0,0,0,0,0,0,0,0,0,8.16%,50.66%,39.42%,1.76%,0,0,"""00"""
PEF D-180_t1_c1,Yes,D,Healthy,180,1.0,0,0,0,0,0,0,0,0,0.10%,0,0,0.79%,1.44%,1.46%,2.83%,68.17%,23.60%,1.60%,0,0,<0
PEF D-180_t1_c2,Yes,D,Healthy,180,1.0,0,0,0,0,0,0,0,0,0,0,0,0,1.30%,3.29%,7.04%,44.34%,42.40%,1.62%,0,0,0
PEF D-180_t1_c3,Yes,D,Healthy,180,1.0,0,0,0,0,0,0,0,0,0,0,0,0,0,1.18%,27.29%,61.48%,10.06%,0,0,0,0
No PEF C-180_t2_c1,No,C,Healthy,180,2.0,0,0,0,0,0,0,0,0,0,0,0,0,0.28%,2.00%,6.15%,44.42%,43.13%,4.02%,0,0,0
No PEF C-180_t2_c2,No,C,Healthy,180,2.0,0,0,0,0,0,0,0,0,0,0,0,0,0,0.36%,0.86%,68.31%,27.77%,2.70%,0,0,0
No PEF C-180_t2_c3,No,C,Healthy,180,2.0,0,0,0,0,0,0,0,0,0,0,0,0,1.43%,2.86%,11.08%,38.83%,39.96%,5.85%,0,0,0
PEF A-180_t2_c1,Yes,A,Healthy,180,2.0,0,0,0,0,0,0,0,0,0,0,0,0,0,0,0.56%,73.96%,23.69%,1.79%,0,0,<0
PEF A-180_t2_c3,Yes,A,Healthy,180,2.0,0,0,0,0,0,0,0,0,0,0,0,0,0,0,5.66%,23.64%,62.60%,8.10%,0,0,"""00"""
PEF A-180_t2_c4,Yes,A,Healthy,180,2.0,0,0,0,0,0,0,0,0,0,0.10%,0,0,0.72%,1.24%,31.82%,58.44%,7.68%,0,0,0,0
PEF A-180_t2_c5,Yes,A,Healthy,180,2.0,0,0,0,0,0,0,0,0,0,0,0,0,0,0.93%,11.22%,28.98%,57.83%,1.03%,0,0,"""00"""
PEF C-180_t2_c1,Yes,C,Healthy,180,2.0,0,0,0,0,0,0,0,0,0,0,0,0,1.71%,4.23%,9.45%,47.47%,35.06%,2.09%,0,0,0
PEF C-180_t2_c2,Yes,C,Healthy,180,2.0,0,0,0,0,0,0,0,0,0,0,0,0,1.45%,3.08%,33.41%,55.48%,6.58%,0,0,0,0
PEF C-180_t2_c3,Yes,C,Healthy,180,2.0,0,0,0,0,0,0,0,0,0,0,0,0,0.64%,4.38%,9.07%,50.57%,35.34%,0,0,0,0
PEF D-180_t2_c1,Yes,D,Healthy,180,2.0,0,0,0,0,0,0,0,0,0,0,0,0.31%,0.87%,0.90%,9.51%,76.86%,10.86%,0.69%,0,0,0
PEF D-180_t2_c2,Yes,D,Healthy,180,2.0,0,0,0,0,0,0,0,0,0,0,0,0.77%,0,6.53%,38.88%,51.80%,2.01%,0,0,0,0
PEF D-180_t2_c3,Yes,D,Healthy,180,2.0,0,0,0,0,0,0,0,0,0,0,0,0,0.70%,6.18%,30.04%,61.40%,1.67%,0,0,0,0
No PEF A-180_t3_c2,No,A,Healthy,180,3.0,0,0,0,0,0,0,0,0,0,0,0,0,0,7.70%,25.91%,63.27%,3.12%,0,0,0,"""00"""
No PEF A-180_t3_c3,No,A,Healthy,180,3.0,0,0,0,0,0,0,0,0,0,0,0,0,1.21%,13.00%,37.35%,46.77%,1.66%,0,0,0,0
No PEF A-180_t3_c4,No,A,Healthy,180,3.0,0,0,0,0,0,0,0,0,0,0,0,1.27%,17.73%,30.24%,43.89%,4.75%,2.13%,0,0,0,1
No PEF A-180_t3_c5,No,A,Healthy,180,3.0,0,0,0,0,0,0,0,0,0,0,0,0,0.94%,1.11%,13.04%,67.12%,17.79%,0,0,0,0
No PEF C-180_t3_c1,No,C,Healthy,180,3.0,0,0,0,0,0,0,0,0,0,0,0,1.38%,2.61%,4.65%,18.64%,41.74%,28.53%,2.44%,0,0,0.5
No PEF C-180_t3_c2,No,C,Healthy,180,3.0,0,0,0,0,0,0,0,0,0,0,0,0,1.02%,4.73%,3.63%,46.32%,39.70%,4.60%,0,0,1
No PEF C-180_t3_c3,No,C,Healthy,180,3.0,0,0,0,0,0,0,0,0,0,0,0,0,0.85%,1.54%,19.87%,64.19%,11.47%,2.08%,0,0,1
No PEF C-180_t3_c4,No,C,Healthy,180,3.0,0,0,0,0,0,0,0,0,0,0,0,0,1.48%,2.81%,14.56%,66.47%,13.74%,0.95%,0,0,1
No PEF D-180_t3_c1,No,D,Healthy,180,3.0,0,0,0,0,0,0,0,0,0,1.27%,1.99%,0,3.05%,5.96%,12.34%,45.99%,29.40%,0,0,0,0
No PEF D-180_t3_c2,No,D,Healthy,180,3.0,0,0,0,0,0,0,0,0,0,0,0,0.93%,1.79%,5.08%,33.41%,50.05%,7.69%,1.06%,0,0,0
No PEF D-180_t3_c3,No,D,Healthy,180,3.0,0,0,0,0,0,0,0,0,0,0,1.37%,3.83%,12.03%,29.15%,36.52%,11.97%,5.14%,0,0,0,0
No PEF D-180_t3_c4,No,D,Healthy,180,3.0,0,0,0,0,0,0,0,0,0,0,1.33%,4.19%,18.28%,13.51%,49.48%,9.62%,3.59%,0,0,0,0.5
PEF B-180_t3_c1,Yes,B,Healthy,180,3.0,0,0,0,0,0,0,0,0,0,0.56%,1.38%,4.91%,11.01%,13.04%,31.50%,26.50%,11.09%,0,0,0,1
PEF B-180_t3_c2,Yes,B,Healthy,180,3.0,0,0,0,0,0,0,0,0,0,0,0,0,1.09%,3.51%,11.70%,54.77%,28.93%,0,0,0,0.5
PEF B-180_t3_c3,Yes,B,Healthy,180,3.0,0,0,0,0,0,0,0,0,0,0,0,0,0,1.17%,9.25%,48.50%,41.08%,0,0,0,0
No PEF B-180_t4_c1,No,B,Healthy,180,4.0,0,0,0,0,0,0,0,0,0,0,0,0.83%,5.89%,6.76%,30.33%,46.16%,7.61%,2.41%,0,0,1
No PEF B-180_t4_c2,No,B,Healthy,180,4.0,0,0,0,0,0,0,0,0,0,0,1.10%,9.62%,16.98%,21.66%,36.19%,8.94%,2.22%,3.28%,0,0,1.5
No PEF B-180_t4_c3,No,B,Healthy,180,4.0,0,0,0,0,0,0,0,0,0,0,0,1.98%,4.94%,26.16%,45.67%,15.09%,2.07%,3.27%,0,0.83%,1
No PEF B-180_t4_c4,No,B,Healthy,180,4.0,0,0,0,0,0,0,0,0,0.69%,0,0,3.53%,14.50%,14.89%,30.76%,29.64%,3.20%,2.80%,0,0,1
No PEF C-180_t4_c1,No,C,Healthy,180,4.0,0,0,0,0,0,0,0,0,1.96%,2.86%,5.92%,3.85%,4.97%,13.90%,30.53%,32.64%,3.37%,0,0,0,1
No PEF C-180_t4_c2,No,C,Healthy,180,4.0,0,0,0,0,0,0,0,0,0,0,0.52%,0,4.29%,15.25%,35.75%,38.91%,3.58%,0,0,1.69%,1
No PEF C-180_t4_c3,No,C,Healthy,180,4.0,0,0,0,0,0,0,0,0,0,0,0.58%,1.09%,1.44%,4.77%,22.91%,65.67%,3.53%,0,0,0,1
No PEF C-180_t4_c4,No,C,Healthy,180,4.0,0,0,0,0,0,0,0,0,0,0,0,0,0.49%,6.59%,54.44%,32.74%,4.58%,1.15%,0,0,1
No PEF D-180_t4_c1,No,D,Healthy,180,4.0,0,0,0,0,0,0,0,0,0.69%,0,0,2.61%,6.15%,28.73%,49.89%,5.02%,6.90%,0,0,0,1
No PEF D-180_t4_c2,No,D,Healthy,180,4.0,0,0,0,0,0,0,0,0,0,0,0,0,9.14%,26.91%,37.00%,19.29%,4.28%,3.38%,0,0,1
No PEF D-180_t4_c3,No,D,Healthy,180,4.0,0,0,0,0,0,0,2.50%,0,3.29%,4.10%,1.34%,3.25%,9.77%,24.95%,32.94%,9.64%,8.23%,0,0,0,1.5
No PEF D-180_t4_c4,No,D,Healthy,180,4.0,0,0,0,0,0,0,0,0,0,0,0,6.64%,35.57%,35.74%,12.31%,1.45%,8.29%,0,0,0,1.5
No PEF D-180_t4_c5,No,D,Healthy,180,4.0,0,0,0,0,0,0,0,0,0,1.72%,2.56%,2.65%,16.32%,33.00%,35.29%,1.51%,3.86%,3.09%,0,0,1
PEF A-180_t4_c1,Yes,A,Healthy,180,4.0,0,0,0,0,0,0,0,0,0,0,0,0,1.19%,18.66%,34.76%,40.81%,3.70%,0.87%,0,0,0
PEF A-180_t4_c2,Yes,A,Healthy,180,4.0,0,0,0,0,0,0,0,0,0,0,0,0,2.38%,12.13%,40.09%,40.95%,4.44%,0,0,0,0.5
PEF A-180_t4_c3,Yes,A,Healthy,180,4.0,0,0,0,0,0,0,0,0,0,0,0,6.46%,14.62%,33.26%,33.33%,9.89%,2.44%,0,0,0,1
PEF C-180_t4_c1,Yes,C,Healthy,180,4.0,0,0,0,0,0,0,0,0,2.23%,4.13%,0.71%,6.82%,12.64%,30.52%,37.47%,2.45%,3.03%,0,0,0,1
PEF C-180_t4_c2,Yes,C,Healthy,180,4.0,0,0,0,0,0,0,0,0,2.64%,5.29%,4.62%,9.06%,21.83%,23.41%,24.54%,6.77%,1.84%,0,0,0,1.5
PEF C-180_t4_c3,Yes,C,Healthy,180,4.0,0,0,0,0,0,0,0,0,0,0,0.75%,0,1.75%,11.04%,42.32%,33.46%,10.67%,0,0,0,0.5
PEF C-180_t4_c4,Yes,C,Healthy,180,4.0,0,0,0,0,0,0,0,0,0,0,0,0,11.95%,33.46%,36.24%,15.85%,2.51%,0,0,0,1
PEF D-180_t4_c1,Yes,D,Healthy,180,4.0,0,0,0,0,0,0,0,0.67%,0,1.00%,1.74%,2.39%,3.64%,7.35%,33.58%,42.08%,7.55%,0,0,0,0.5
PEF D-180_t4_c2,Yes,D,Healthy,180,4.0,0,0,0,0,0,0,0,0,0,0,0,0.84%,1.27%,5.82%,37.39%,49.24%,3.91%,1.54%,0,0,1
PEF D-180_t4_c3,Yes,D,Healthy,180,4.0,0,0,0,0,0,0,0,0,0,0,0,0,0,5.97%,53.30%,36.82%,2.92%,1.00%,0,0,0.5
PEF D-180_t4_c4,Yes,D,Healthy,180,4.0,0,0,0,0,0,0,0,0,0,0,0,0,1.30%,6.29%,48.37%,40.43%,3.60%,0,0,0,0.5
No PEF C-180_t5_c1,No,C,Healthy,180,5.0,0,0,0,0,0,0,0,0,0,2.10%,3.03%,16.64%,6.38%,17.66%,34.26%,17.67%,2.26%,0,0,0,1
No PEF C-180_t5_c2,No,C,Healthy,180,5.0,0,0,0,0,0,0,0,0,0,0,1.54%,0,11.20%,14.85%,42.37%,27.22%,2.82%,0,0,0,1
No PEF C-180_t5_c3,No,C,Healthy,180,5.0,0,0,0,0,0,0,0,0,0,0,2.40%,5.11%,10.83%,26.20%,38.82%,14.77%,1.88%,0,0,0,1
No PEF C-180_t5_c4,No,C,Healthy,180,5.0,0,0,0,0,0,0,0,0,0,0,0,1.70%,4.60%,24.22%,44.73%,22.79%,1.96%,0,0,0,1
No PEF D-180_t5_c1,No,D,Healthy,180,5.0,0,0,0,0,0,0,0,0,0,0,2.40%,15.20%,9.95%,36.95%,22.81%,7.57%,5.13%,0,0,0,1
No PEF D-180_t5_c2,No,D,Healthy,180,5.0,0,0,0,0,0,0,0,0,0,0,0,0.69%,6.44%,44.19%,39.93%,4.93%,3.81%,0,0,0,0.5
No PEF D-180_t5_c3,No,D,Healthy,180,5.0,0,0,0,0,0,0,1.14%,0,1.72%,3.81%,9.11%,14.51%,28.00%,26.33%,10.55%,0,4.83%,0,0,0,1.5
No PEF D-180_t5_c4,No,D,Healthy,180,5.0,0,0,0,0,0,0,4.73%,0,11.40%,4.45%,9.19%,9.78%,27.23%,16.90%,10.53%,2.52%,3.26%,0,0,0,2
No PEF D-180_t5_c5,No,D,Healthy,180,5.0,0,0,0,0,0,0,0,0,0,0,0,0,2.83%,32.74%,50.91%,5.03%,8.49%,0,0,0,0
PEF D-180_t5_c2,Yes,D,Healthy,180,5.0,0,0,0,0,0,0,0,0.91%,0,1.72%,2.96%,5.73%,30.29%,35.31%,15.21%,4.13%,3.75%,0,0,0,1.5
PEF D-180_t5_c3,Yes,D,Healthy,180,5.0,0,0,0,0,0,0,0,0,0.39%,0,0.80%,2.44%,11.31%,18.58%,46.20%,16.56%,2.12%,1.61%,0,0,1.5
PEF C-180_t6_c1,Yes,C,Healthy,180,6.0,0,0,0,0,0,0,0,0,0,1.51%,8.12%,19.43%,14.82%,19.75%,28.21%,3.44%,4.71%,0,0,0,2
PEF C-180_t6_c2,Yes,C,Healthy,180,6.0,0,0,0,0,0,0,0,0,2.45%,0,7.52%,3.78%,22.32%,27.53%,27.45%,4.34%,1.97%,2.63%,0,0,2
PEF C-180_t6_c3,Yes,C,Healthy,180,6.0,0,0,0,0,0,0,0,3.31%,4.16%,15.09%,10.55%,3.13%,16.45%,16.62%,22.00%,4.98%,3.71%,0,0,0,2
PEF C-180_t6_c4,Yes,C,Healthy,180,6.0,0,0,0,0,0,0,0,0,0,0,9.95%,19.61%,31.41%,20.42%,10.64%,3.63%,2.58%,1.76%,0,0,2
PEF C-180_t7_c1,Yes,C,Healthy,180,7.0,0,0,0,0,0,0,0,3.21%,4.91%,2.04%,6.54%,21.57%,24.68%,21.66%,9.27%,4.30%,1.83%,0,0,0,2
PEF C-180_t7_c2,Yes,C,Healthy,180,7.0,0,0,0,0,0,1.34%,0,0,7.03%,6.38%,13.71%,17.40%,22.56%,12.87%,15.49%,0.80%,2.41%,0,0,0,2
PEF C-180_t7_c3,Yes,C,Healthy,180,7.0,0,0,0,0,0,0,0,0,5.09%,5.91%,8.19%,7.52%,19.70%,24.70%,21.22%,5.17%,2.50%,0,0,0,2
PEF C-180_t7_c4,Yes,C,Healthy,180,7.0,0,0,0,0,0,2.33%,0,4.34%,0,4.67%,12.07%,12.49%,31.35%,14.62%,13.74%,1.78%,2.61%,0,0,0,2
PEF D-180_t7_c1,Yes,D,Healthy,180,7.0,0,0,0,0,0,1.25%,3.13%,0,3.48%,3.77%,5.78%,8.11%,15.82%,20.26%,26.69%,6.72%,5.00%,0,0,0,2
PEF D-180_t7_c2,Yes,D,Healthy,180,7.0,0,0,0,0,0,0,0,0,0,0,3.64%,9.46%,33.03%,35.84%,12.01%,1.05%,2.42%,2.56%,0,0,2
PEF D-180_t7_c3,Yes,D,Healthy,180,7.0,0,0,0,0,0,0,0,0,0,2.39%,4.96%,2.21%,21.07%,35.89%,27.11%,1.17%,3.74%,1.45%,0,0,2
PEF D-180_t7_c4,Yes,D,Healthy,180,7.0,0,0,0,0,0,0,0,0,0,0,0,0,1.71%,24.78%,46.38%,19.58%,5.91%,1.64%,0,0,1
PEF D-180_t7_c5,Yes,D,Healthy,180,7.0,0,0,0,0,0,0,0,0,0,6.88%,8.50%,17.60%,4.58%,11.73%,40.08%,5.70%,4.92%,0,0,0,2
No PEF B-180_t8_c1,No,B,Healthy,180,8.0,0,0,0,0,0,1.57%,0,2.52%,0,3.26%,8.92%,17.39%,20.27%,21.99%,16.49%,5.03%,2.56%,0,0,0,2
No PEF B-180_t8_c2,No,B,Healthy,180,8.0,0,0,0,0,0,0,0,0,0,7.25%,21.27%,18.45%,32.21%,14.39%,3.17%,1.08%,2.18%,0,0,0,2
No PEF B-180_t8_c3,No,B,Healthy,180,8.0,0,0,0,0,0,0,0,0,0,1.66%,2.71%,14.00%,43.39%,25.62%,7.56%,1.67%,3.39%,0,0,0,2
No PEF B-180_t8_c4,No,B,Healthy,180,8.0,0,0,0,0,0,0,0,0,1.33%,12.29%,22.70%,18.23%,29.99%,5.40%,5.25%,2.64%,2.17%,0,0,0,2
No PEF B-180_t8_c5,No,B,Healthy,180,8.0,0,0,0,0,0,0,2.36%,2.52%,8.19%,2.33%,18.64%,42.05%,11.97%,7.14%,1.91%,0,2.90%,0,0,0,2.5
PEF A-180_t8_c1,Yes,A,Healthy,180,8.0,0,0,0,0,0,0,0,0,0,0,0,8.46%,24.47%,44.27%,18.62%,1.79%,2.39%,0,0,0,1.5
PEF A-180_t8_c2,Yes,A,Healthy,180,8.0,0,0,0,0,0,0,0,0,0,2.14%,8.87%,7.00%,25.94%,25.80%,26.06%,1.36%,2.85%,0,0,0,2
PEF A-180_t8_c3,Yes,A,Healthy,180,8.0,0,0,0,0,0,0,1.86%,2.93%,4.37%,3.94%,21.70%,38.31%,15.33%,5.15%,3.21%,0,3.20%,0,0,0,3.5
PEF A-180_t8_c4,Yes,A,Healthy,180,8.0,0,0,0,0,0,0,0,2.48%,10.90%,13.00%,33.05%,21.73%,10.98%,2.14%,3.28%,0,2.45%,0,0,0,3.5
PEF B-180_t8_c1,Yes,B,Healthy,180,8.0,0,0,0,0,0,0,0,1.65%,0,1.29%,0,11.22%,16.84%,37.32%,26.37%,2.98%,2.35%,0,0,0,2
PEF B-180_t8_c2,Yes,B,Healthy,180,8.0,0,0,0,0,0,0,0,0,0,2.34%,0,7.40%,23.93%,38.14%,20.06%,6.06%,2.07%,0,0,0,2
PEF B-180_t8_c3,Yes,B,Healthy,180,8.0,0,0,0,0,0,0,0,0,2.40%,0,8.92%,29.96%,37.79%,9.59%,6.85%,2.76%,1.73%,0,0,0,2
PEF B-180_t8_c4,Yes,B,Healthy,180,8.0,0,0,0,0,0,0,0,0,0,2.01%,0,15.69%,48.61%,20.02%,6.58%,4.24%,2.86%,0,0,0,2
PEF B-180_t8_c5,Yes,B,Healthy,180,8.0,0,0,0,0,0,0,0,4.38%,16.39%,15.53%,28.62%,7.12%,19.16%,2.37%,3.33%,0,3.11%,0,0,0,3
PEF A-180_t10_c1,Yes,A,Healthy,180,10.0,0,0,0,0,0,0,0,0,0,1.65%,0,11.38%,16.06%,16.90%,40.70%,10.52%,2.77%,0,0,0,2
PEF A-180_t10_c2,Yes,A,Healthy,180,10.0,0,0,0,0,0,0,0,0,0,1.24%,2.80%,6.71%,9.22%,43.86%,21.76%,11.93%,2.48%,0,0,0,1
PEF A-180_t10_c3,Yes,A,Healthy,180,10.0,0,0,0,0,0,0,0,2.26%,0,11.67%,13.08%,25.90%,19.16%,13.71%,11.95%,0,2.28%,0,0,0,2
PEF B-180_t10_c1,Yes,B,Healthy,180,10.0,0,0,0,0,0,0,0,0,3.68%,12.92%,19.50%,15.82%,26.41%,14.92%,4.31%,0,2.45%,0,0,0,2.5
PEF B-180_t10_c2,Yes,B,Healthy,180,10.0,0,0,0,0,0,0,0,0,2.32%,6.53%,26.09%,18.67%,19.95%,16.70%,7.00%,0,2.73%,0,0,0,2.5
PEF B-180_t10_c3,Yes,B,Healthy,180,10.0,0,0,0,0,0,0,0,0,4.45%,7.15%,21.85%,30.52%,20.32%,5.89%,7.18%,2.64%,0,0,0,0,3
PEF B-180_t10_c4,Yes,B,Healthy,180,10.0,0,0,0,0,0,0,0,0,0,0,4.24%,10.96%,34.90%,39.26%,6.85%,1.67%,2.12%,0,0,0,2
PEF B-180_t10_c5,Yes,B,Healthy,180,10.0,0,0,0,0,0,0,0,1.68%,2.95%,9.71%,24.23%,40.61%,11.43%,3.31%,3.26%,0,2.81%,0,0,0,3
PEF D-180_t10_c1,Yes,D,Healthy,180,10.0,0,0,0,0,0,0,0,0,2.69%,6.78%,6.56%,21.24%,35.11%,18.07%,3.83%,5.73%,0,0,0,0,1.5
PEF D-180_t10_c2,Yes,D,Healthy,180,10.0,0,0,0,0,0,0,0,0,0,1.21%,0.71%,3.62%,32.77%,34.25%,21.50%,4.27%,1.67%,0,0,0,1
PEF D-180_t10_c3,Yes,D,Healthy,180,10.0,0,0,0,0,0,0,0,0,0,0,1.52%,8.10%,31.83%,44.09%,11.50%,1.20%,1.77%,0,0,0,1
PEF D-180_t10_c4,Yes,D,Healthy,180,10.0,0,0,0,0,0,0,0,0,0,0,4.36%,4.95%,35.57%,41.90%,8.79%,2.64%,1.80%,0,0,0,1.5
No PEF C-180_t11_c1,No,C,Healthy,180,13.0,0,0,0,0,0,0,0,0,5.66%,25.45%,14.06%,19.28%,10.49%,9.12%,13.40%,2.55%,0,0,0,0,2.5
No PEF C-180_t11_c2,No,C,Healthy,180,13.0,0,0,0,0,0,0,0,0,0,0,18.95%,23.79%,31.26%,17.02%,6.41%,0,2.57%,0,0,0,3
No PEF C-180_t11_c3,No,C,Healthy,180,13.0,0,0,0,0,0,0,0,0,0,0,7.24%,13.93%,30.07%,32.15%,12.02%,4.60%,0,0,0,0,2
No PEF C-180_t11_c4,No,C,Healthy,180,13.0,0,0,0,0,0,0,0,0,2.74%,6.63%,13.62%,38.85%,24.04%,8.30%,4.01%,1.81%,0,0,0,0,3
No PEF C-180_t11_c5,No,C,Healthy,180,13.0,0,0,0,0,0,0,0,0,0,1.33%,4.26%,19.32%,39.90%,24.46%,7.44%,1.26%,2.04%,0,0,0,3
No PEF D-180_t11_c1,No,D,Healthy,180,13.0,0,0,0,0,0,0,0,0,1.40%,2.20%,18.40%,27.06%,28.39%,14.71%,3.74%,2.54%,1.56%,0,0,0,1.5
No PEF D-180_t11_c2,No,D,Healthy,180,13.0,0,0,0,0,0,2.75%,8.06%,6.03%,14.91%,15.28%,19.59%,17.13%,9.48%,1.37%,1.80%,0,3.60%,0,0,0,3
No PEF D-180_t11_c3,No,D,Healthy,180,13.0,0,0,0,0,0,0,0,0,11.82%,18.84%,39.46%,14.91%,6.50%,3.00%,0.94%,2.29%,2.24%,0,0,0,3
No PEF D-180_t11_c4,No,D,Healthy,180,13.0,0,0,0,0,0,0,0,0,0,0,0,12.57%,26.24%,36.49%,14.78%,6.85%,3.08%,0,0,0,1.5
No PEF D-180_t11_c5,No,D,Healthy,180,13.0,0,0,0,0,0,0,0,0,0,9.64%,29.12%,35.99%,15.16%,4.09%,1.19%,2.52%,2.29%,0,0,0,2
No PEF C-180_t12_c1,No,C,Healthy,180,16.0,0,0,0,0,0,0,0,9.81%,19.67%,18.15%,16.67%,9.26%,12.50%,4.12%,7.32%,0,2.50%,0,0,0,3
No PEF C-180_t12_c2,No,C,Healthy,180,16.0,0,0,0,0,0,0,0,0,0,1.04%,1.98%,24.68%,38.61%,25.47%,5.64%,0,2.59%,0,0,0,2
No PEF C-180_t12_c3,No,C,Healthy,180,16.0,0,0,0,0,0,0,0,1.96%,11.17%,12.85%,32.51%,25.44%,7.51%,4.23%,1.70%,0,2.63%,0,0,0,3.5
No PEF C-180_t12_c4,No,C,Healthy,180,16.0,0,0,0,0,0,0,0,3.15%,22.59%,28.98%,26.15%,10.43%,3.33%,0,2.17%,3.20%,0,0,0,0,3.5
No PEF C-180_t12_c5,No,C,Healthy,180,16.0,0,0,0,0,0,0,0,0,32.08%,26.14%,12.00%,16.28%,4.64%,3.36%,2.38%,3.12%,0,0,0,0,3
PEF B-180_t12_c1,Yes,B,Healthy,180,16.0,0,0,0,0,0,0,0,6.94%,30.90%,27.06%,12.13%,12.16%,2.87%,1.67%,3.35%,2.92%,0,0,0,0,3.5
PEF B-180_t12_c2,Yes,B,Healthy,180,16.0,0,0,0,4.50%,0,7.00%,4.18%,7.75%,10.77%,21.18%,25.82%,7.77%,3.43%,0,4.86%,2.75%,0,0,0,0,3.5
PEF B-180_t12_c3,Yes,B,Healthy,180,16.0,0,0,0,0,0,0,0,0.71%,0,7.21%,25.12%,26.34%,22.23%,7.75%,6.71%,1.79%,2.14%,0,0,0,3
PEF B-180_t12_c4,Yes,B,Healthy,180,16.0,0,0,0,0,0,0,0,9.51%,23.24%,18.52%,22.40%,10.52%,5.44%,3.08%,4.38%,0,2.91%,0,0,0,3
PEF B-180_t12_c5,Yes,B,Healthy,180,16.0,0,0,0,0,0,0,0,1.86%,5.47%,16.69%,36.29%,24.52%,4.88%,3.65%,3.20%,1.15%,2.29%,0,0,0,3
No PEF B-180_t13_c1,No,B,Healthy,180,19.0,0,0,0,0,0,0,0,6.09%,12.88%,20.13%,22.43%,27.14%,5.08%,3.00%,0,2.06%,1.19%,0,0,0,3.5
No PEF B-180_t13_c2,No,B,Healthy,180,19.0,0,0,0,0,0,0,3.41%,5.83%,5.59%,18.66%,20.52%,20.75%,9.30%,8.82%,3.82%,3.30%,0,0,0,0,3.5
No PEF B-180_t13_c3,No,B,Healthy,180,19.0,0,0,0,0,0,3.57%,12.06%,12.81%,16.85%,16.21%,14.02%,9.08%,5.45%,2.90%,3.49%,0,3.57%,0,0,0,3.5
No PEF B-180_t13_c4,No,B,Healthy,180,19.0,0,0,0,0,0,0,0,1.31%,5.47%,11.59%,21.08%,32.35%,13.64%,8.94%,1.85%,1.84%,1.91%,0,0,0,3
No PEF B-180_t13_c5,No,B,Healthy,180,19.0,0,0,0,0,0,0,0,0,6.42%,14.00%,15.80%,14.58%,25.14%,8.33%,10.66%,2.72%,2.35%,0,0,0,3
No PEF B-180_t13_c6,No,B,Healthy,180,19.0,0,0,0.13%,0,0,0,0,10.93%,42.90%,20.61%,9.65%,7.53%,2.07%,1.42%,2.38%,0,2.39%,0,0,0,4
PEF D-180_t13_c1,Yes,D,Healthy,180,19.0,0,0,0,0,0,0,10.61%,45.56%,26.53%,6.61%,2.22%,1.59%,0.95%,1.54%,1.97%,2.43%,0,0,0,0,3.5
PEF D-180_t13_c2,Yes,D,Healthy,180,19.0,0,0,0,0,0,0,0,0,20.05%,18.14%,22.35%,22.74%,6.63%,2.80%,4.49%,2.81%,0,0,0,0,3
PEF D-180_t13_c3,Yes,D,Healthy,180,19.0,0,0,0,0,0,0,0,4.69%,18.96%,19.01%,28.45%,18.50%,0,4.33%,2.91%,3.15%,0,0,0,0,3
PEF D-180_t13_c4,Yes,D,Healthy,180,19.0,0,0,0,0,0,2.44%,0,10.21%,19.12%,18.99%,19.71%,15.24%,4.03%,3.38%,3.29%,3.58%,0,0,0,0,3.5
PEF D-180_t13_c5,Yes,D,Healthy,180,19.0,0,0,0,0,3.58%,29.98%,20.66%,11.12%,17.60%,4.13%,2.77%,3.11%,1.13%,1.55%,1.96%,2.41%,0,0,0,0,4
No PEF C-180_t14_c1,No,C,Healthy,180,22.0,0,0,0,0,7.01%,12.56%,19.95%,18.29%,11.70%,12.35%,8.63%,2.56%,3.31%,0,1.45%,2.18%,0,0,0,0,4
No PEF C-180_t14_c2,No,C,Healthy,180,22.0,0,0,0,0,0,3.97%,9.50%,11.74%,6.59%,14.25%,12.03%,9.46%,8.38%,16.71%,5.37%,0,2.02%,0,0,0,3.5
No PEF C-180_t14_c3,No,C,Healthy,180,22.0,0,0,0,0,0,0,2.52%,9.28%,23.26%,24.25%,19.25%,6.79%,7.58%,0.92%,3.72%,0,2.42%,0,0,0,3.5
No PEF C-180_t14_c4,No,C,Healthy,180,22.0,0,0,0,0,0,0,0,4.42%,26.49%,22.87%,23.57%,8.77%,6.70%,3.90%,1.73%,0,1.54%,0,0,0,3
No PEF C-180_t15_c1,No,C,Healthy,180,25.0,0,0,0,0,0,0,6.26%,13.21%,41.79%,17.86%,5.74%,4.23%,4.01%,3.36%,0,3.54%,0,0,0,0,3.5
No PEF C-180_t15_c2,No,C,Healthy,180,25.0,0,0,3.25%,6.12%,8.59%,15.40%,16.20%,25.53%,3.44%,8.33%,3.90%,4.26%,0,1.90%,0,3.07%,0,0,0,0,3.5
No PEF C-180_t15_c3,No,C,Healthy,180,25.0,0,0,0,0,0,0,7.26%,46.85%,15.39%,14.63%,6.17%,2.31%,1.77%,1.17%,1.97%,2.49%,0,0,0,0,3.5
No PEF C-180_t15_c4,No,C,Healthy,180,25.0,0,0,0,0,0,2.13%,0,3.22%,16.07%,34.80%,21.26%,9.59%,5.96%,1.54%,3.06%,0,2.38%,0,0,0,3
No PEF C-180_t15_c5,No,C,Healthy,180,25.0,0,0,0,0,0,2.23%,4.57%,7.31%,30.40%,21.69%,19.62%,4.89%,2.75%,1.17%,4.04%,0,1.33%,0,0,0,3.5
PEF D-180_t15_c2,Yes,D,Healthy,180,25.0,0,0,0,0,0,3.30%,6.55%,14.99%,22.02%,24.56%,16.40%,3.90%,2.10%,3.23%,0,2.95%,0,0,0,0,4
PEF D-180_t15_c3,Yes,D,Healthy,180,25.0,0,0,0,0,0,6.88%,9.71%,27.26%,21.40%,15.05%,7.15%,5.00%,1.61%,1.50%,1.96%,2.48%,0,0,0,0,4
PEF D-180_t15_c4,Yes,D,Healthy,180,25.0,0,0,0,0,0,0,9.41%,15.97%,17.79%,25.59%,12.39%,8.18%,3.11%,2.02%,3.08%,2.47%,0,0,0,0,3.5
No PEF C-180_t16_c1,No,C,Healthy,180,28.0,0,0,0,0,0,0,12.57%,16.38%,30.39%,13.08%,9.76%,6.58%,3.67%,1.17%,4.18%,2.21%,0,0,0,0,3.5
No PEF C-180_t16_c2,No,C,Healthy,180,28.0,0,0,0,0,0,0,4.10%,21.38%,31.11%,26.66%,5.75%,1.90%,1.50%,2.25%,3.07%,2.28%,0,0,0,0,3.5
No PEF C-180_t16_c3,No,C,Healthy,180,28.0,0,0,0,0,0,0,2.60%,12.23%,10.81%,16.16%,18.25%,23.08%,7.17%,6.46%,0,3.24%,0,0,0,0,3
No PEF C-180_t16_c4,No,C,Healthy,180,28.0,0,0,0,0,0,0,11.05%,21.26%,30.54%,12.57%,8.47%,5.85%,3.17%,2.80%,1.20%,3.08%,0,0,0,0,3.5
No PEF C-180_t17_c1,No,C,Healthy,180,31.0,0,0,0,0,0,5.72%,9.33%,14.47%,17.86%,13.74%,15.69%,11.73%,6.54%,3.71%,0,1.20%,0,0,0,0,3
No PEF C-180_t17_c2,No,C,Healthy,180,31.0,0,0,0,0,11.36%,15.49%,35.52%,14.21%,9.43%,2.72%,3.93%,1.36%,1.94%,0,1.97%,2.06%,0,0,0,0,4
No PEF C-180_t17_c3,No,C,Healthy,180,31.0,0,0,0,0,8.60%,5.73%,33.80%,20.03%,11.09%,6.44%,5.58%,0,4.31%,2.47%,0,1.95%,0,0,0,0,4
No PEF C-180_t17_c4,No,C,Healthy,180,31.0,0,0,0,0,4.10%,12.71%,24.70%,17.84%,12.29%,8.30%,6.03%,3.20%,3.46%,5.49%,0,1.88%,0,0,0,0,4
No PEF C-180_t17_c5,No,C,Healthy,180,31.0,0,0,0,0,3.54%,38.70%,25.39%,11.68%,7.18%,1.95%,3.14%,1.00%,1.41%,2.77%,3.24%,0,0,0,0,0,4
PEF B-180_t17_c1,Yes,B,Healthy,180,31.0,0,0,0,4.83%,31.18%,26.52%,18.04%,8.29%,3.31%,0.98%,1.97%,1.66%,0,1.83%,0,1.39%,0,0,0,0,4
PEF B-180_t17_c2,Yes,B,Healthy,180,31.0,0,0,0,0,16.96%,17.63%,17.46%,17.17%,15.58%,6.00%,2.58%,1.12%,1.15%,2.72%,0,1.63%,0,0,0,0,4
PEF B-180_t17_c3,Yes,B,Healthy,180,31.0,0,0,0,7.89%,8.45%,11.10%,12.74%,13.57%,21.49%,4.52%,8.89%,3.92%,1.85%,3.14%,0,2.43%,0,0,0,0,4
PEF B-180_t17_c4,Yes,B,Healthy,180,31.0,0,0,0,0,0,7.69%,35.58%,17.52%,23.08%,6.01%,1.26%,3.32%,1.54%,2.80%,0,1.21%,0,0,0,0,4
PEF B-180_t17_c5,Yes,B,Healthy,180,31.0,0,0,0,0,0,6.56%,30.54%,27.36%,14.81%,9.86%,2.19%,3.07%,0,1.39%,2.15%,2.08%,0,0,0,0,4
PEF C-180_t17_c1,Yes,C,Healthy,180,31.0,0,0,0,0,0,6.99%,12.48%,20.62%,27.27%,9.93%,9.23%,2.54%,3.23%,4.78%,2.93%,0,0,0,0,0,3.5
PEF C-180_t17_c3,Yes,C,Healthy,180,31.0,0,0,0,0,11.95%,32.29%,18.06%,22.78%,6.15%,0,3.63%,1.85%,0,2.38%,0,0.92%,0,0,0,0,4
PEF C-180_t17_c4,Yes,C,Healthy,180,31.0,0,4.53%,0,10.97%,15.31%,17.61%,14.52%,19.58%,7.73%,0,3.70%,0,2.59%,3.45%,0,0,0,0,0,0,4
No PEF A-180_t18_c1,No,A,Healthy,180,34.0,0,0,0,0,0,9.59%,0,27.01%,23.00%,18.48%,7.88%,4.59%,3.81%,1.21%,2.48%,1.96%,0,0,0,0,3.5
No PEF A-180_t18_c2,No,A,Healthy,180,34.0,0,0,0,11.15%,21.20%,25.65%,16.02%,4.37%,11.35%,2.39%,1.59%,1.29%,0.47%,2.64%,0,1.88%,0,0,0,0,4
No PEF A-180_t18_c3,No,A,Healthy,180,34.0,0,0,0,0,0,0,4.85%,3.04%,27.24%,33.10%,12.39%,11.82%,3.87%,2.49%,0,1.21%,0,0,0,0,3.5
No PEF A-180_t18_c4,No,A,Healthy,180,34.0,0,0,0,0,0,0,3.77%,24.65%,35.64%,17.58%,6.44%,5.77%,2.43%,0,1.93%,1.79%,0,0,0,0,3.5
No PEF A-180_t18_c5,No,A,Healthy,180,34.0,0,0,0,17.84%,29.06%,21.06%,10.32%,8.13%,5.73%,2.58%,0,1.72%,1.49%,0,2.07%,0,0,0,0,0,4
No PEF C-180_t18_c1,No,C,Healthy,180,34.0,0,0,0,7.49%,29.63%,16.42%,15.56%,15.85%,6.36%,0,2.24%,1.46%,1.15%,2.88%,0,0.95%,0,0,0,0,4
No PEF C-180_t18_c2,No,C,Healthy,180,34.0,0,0,0,3.29%,12.64%,40.18%,20.25%,8.26%,5.91%,2.28%,1.59%,0,1.64%,0,3.96%,0,0,0,0,0,4
No PEF C-180_t18_c3,No,C,Healthy,180,34.0,0,0,0,12.04%,26.64%,22.16%,13.90%,8.11%,3.08%,5.02%,1.55%,0.73%,1.48%,3.77%,0,1.52%,0,0,0,0,4
No PEF C-180_t18_c4,No,C,Healthy,180,34.0,0,0,0,0,10.80%,21.20%,32.49%,13.12%,11.66%,3.75%,0,1.19%,1.41%,1.87%,0,2.52%,0,0,0,0,4
No PEF C-180_t18_c5,No,C,Healthy,180,34.0,0,0,0,0,0,12.52%,36.94%,23.56%,10.40%,5.16%,2.94%,2.04%,2.06%,2.19%,0,2.19%,0,0,0,0,4
No PEF C-190_t1_c1,No,C,Healthy,190,0.5,0,0,0,0,0,0,0,0,0,0.04%,0,0,0,0.50%,0.78%,26.86%,67.62%,2.70%,0,1.50%,"""000"""
No PEF C-190_t1_c2,No,C,Healthy,190,0.5,0,0,0,0,0,0,0,0,0,0,0,0,0.74%,1.71%,6.76%,33.87%,52.32%,4.61%,0,0,"""00"""
No PEF C-190_t1_c3,No,C,Healthy,190,0.5,0,0,0,0,0,0,0,0,0,0,0,0.50%,1.20%,2.01%,11.47%,55.96%,26.58%,2.28%,0,0,<0
PEF A-190_t1_c1,Yes,A,Healthy,190,0.5,0,0,0,0,0,0,0,0,0,0.15%,0,0.38%,0,0.69%,3.14%,16.80%,77.44%,1.40%,0,0,"""00"""
PEF A-190_t1_c2,Yes,A,Healthy,190,0.5,0,0,0,0,0,0,0,0,0,0,0,0,0,0.43%,1.00%,28.02%,63.26%,7.29%,0,0,"""00"""
PEF A-190_t1_c3,Yes,A,Healthy,190,0.5,0,0,0,0,0,0,0,0,0,0,0,0,0,0.40%,5.99%,18.05%,64.26%,9.64%,0,1.66%,"""00"""
PEF A-190_t1_c4,Yes,A,Healthy,190,0.5,0,0,0,0,0,0.20%,0,0,0.34%,0,0.60%,0,0.98%,0,6.58%,29.74%,61.55%,0,0,0,<0
PEF B-190_t1_c1,Yes,B,Healthy,190,0.5,0,0,0,0,0,0,0.01%,0,0,0,0,0,0.17%,0.66%,3.75%,24.24%,71.17%,0,0,0,"""000"""
PEF D-190_t1_c1,Yes,D,Healthy,190,0.5,0,0,0,0,0,0,0,0,0,0.44%,0,0.64%,0,0.84%,13.56%,55.40%,26.21%,2.92%,0,0,<0
PEF D-190_t1_c2,Yes,D,Healthy,190,0.5,0,0,0,0,0,0,0,0,0,0,0,0.49%,1.04%,3.74%,7.32%,52.10%,32.67%,1.06%,0,1.58%,"""000"""
PEF D-190_t1_c3,Yes,D,Healthy,190,0.5,0,0,0,0,0,0,0,0,0,0,0,0,0,2.15%,13.97%,50.45%,32.05%,1.38%,0,0,"""000"""
No PEF C-190_t2_c1,No,C,Healthy,190,1.0,0,0,0,0,0,0,0,0,0,0.48%,1.07%,0,2.59%,1.78%,6.36%,21.84%,63.91%,1.96%,0,0,0
No PEF C-190_t2_c2,No,C,Healthy,190,1.0,0,0,0,0,0,0,0,0,0,0,0.42%,0.62%,0,0.61%,7.73%,45.58%,41.96%,3.09%,0,0,<0
No PEF D-190_t2_c1,No,D,Healthy,190,1.0,0,0,0,0,0,0,0,0,0,0,0,0.20%,0,0.62%,2.72%,58.62%,35.37%,2.46%,0,0,<0
No PEF D-190_t2_c2,No,D,Healthy,190,1.0,0,0,0,0,0,0,0,0,0,0,0,0,0.78%,1.27%,5.91%,28.03%,59.32%,4.69%,0,0,<0
No PEF D-190_t2_c3,No,D,Healthy,190,1.0,0,0,0,0,0,0,0,0,0,0,0,0.20%,1.13%,2.09%,9.16%,44.07%,43.36%,0,0,0,<0
No PEF D-190_t2_c4,No,D,Healthy,190,1.0,0,0,0,0,0,0,0,0,0,0,0,0,0,0,0,31.45%,60.43%,8.12%,0,0,<0
No PEF A-190_t3_c1,No,A,Healthy,190,1.5,0,0,0,0,0,0,0,0,0.84%,1.71%,1.98%,1.52%,6.97%,7.84%,12.39%,47.64%,19.12%,0,0,0,0.5
No PEF A-190_t3_c2,No,A,Healthy,190,1.5,0,0,0,0,0,0,0,0,0,0,0,0,0,0.17%,2.10%,23.03%,74.70%,0,0,0,"""00"""
No PEF A-190_t3_c3,No,A,Healthy,190,1.5,0,0,0,0,0,0,0,0,0,0,0,0.58%,0,1.70%,11.92%,76.60%,9.20%,0,0,0,"""00"""
No PEF A-190_t3_c4,No,A,Healthy,190,1.5,0,0,0,0,0,0,0,0,0,0,0,0,1.55%,3.37%,9.40%,47.11%,38.58%,0,0,0,0
No PEF C-190_t3_c1,No,C,Healthy,190,1.5,0,0,0,0,0,0,0,0.36%,0,0.70%,0,0,2.23%,5.89%,10.05%,50.27%,30.51%,0,0,0,0
No PEF C-190_t3_c2,No,C,Healthy,190,1.5,0,0,0,0,0,0,0,0,0,0,0,0,0,0.72%,5.94%,58.40%,33.27%,1.67%,0,0,0
No PEF C-190_t3_c3,No,C,Healthy,190,1.5,0,0,0,0,0,0,0,0,0,0.62%,0,1.11%,0.70%,3.17%,5.68%,30.88%,56.09%,1.75%,0,0,0
PEF D-190_t3_c1,Yes,D,Healthy,190,1.5,0,0,0,0,0,0,0,0,0,0.62%,0.95%,1.61%,1.96%,3.76%,17.91%,58.27%,14.92%,0,0,0,0
No PEF D-190_t4_c2,No,D,Healthy,190,2.0,0,0,0,0,0,0,0,0,0,0,0,1.73%,5.43%,14.80%,43.69%,28.09%,4.31%,1.96%,0,0,1
No PEF D-190_t4_c3,No,D,Healthy,190,2.0,0,0,0,0,0,0,0.96%,0,1.24%,0,1.92%,2.23%,0.50%,3.01%,28.87%,48.29%,9.97%,3.00%,0,0,1
No PEF D-190_t4_c4,No,D,Healthy,190,2.0,0,0,0,0,0,0,0,0,0,0,0,0,1.69%,10.01%,32.78%,44.46%,9.54%,1.51%,0,0,0.5
PEF A-190_t4_c1,Yes,A,Healthy,190,2.0,0,0,0,0,0,0,0,0.20%,0,0,0.83%,0,3.57%,5.79%,14.64%,48.36%,26.61%,0,0,0,0
PEF A-190_t4_c2,Yes,A,Healthy,190,2.0,0,0,0,0,0,0,0,0,0.75%,0,0,1.49%,2.07%,3.44%,13.26%,77.78%,1.21%,0,0,0,0
PEF C-190_t4_c1,Yes,C,Healthy,190,2.0,0,0,0,0,0,0,0,0,0.69%,0,0,1.64%,3.09%,5.27%,55.25%,29.38%,4.67%,0,0,0,0.5
PEF C-190_t4_c2,Yes,C,Healthy,190,2.0,0,0,0,0,0,0,0,0.67%,0,1.60%,2.21%,0,4.61%,8.03%,5.69%,51.93%,19.60%,5.66%,0,0,0.5
PEF C-190_t4_c3,Yes,C,Healthy,190,2.0,0,0,0,0,0,0,0,0,0.94%,1.86%,1.53%,0,2.46%,12.00%,34.03%,40.47%,6.70%,0,0,0,0.5
No PEF C-190_t5_c1,No,C,Healthy,190,2.5,0,0,0,0,0,0,0,0,0,0,0,1.10%,5.80%,22.32%,36.16%,32.60%,0,2.02%,0,0,0.5
No PEF C-190_t5_c2,No,C,Healthy,190,2.5,0,0,0,0,0,0.78%,0,1.53%,0,2.62%,4.21%,1.63%,16.26%,13.70%,27.98%,24.34%,5.99%,0,0,0.96%,1
No PEF C-190_t5_c3,No,C,Healthy,190,2.5,0,0,0,0,0,0,0,0,0,0,0,0,2.44%,7.94%,42.14%,44.21%,2.12%,0,0,1.15%,0.5
No PEF C-190_t5_c4,No,C,Healthy,190,2.5,0,0,0,0,0,0,0,0,0,0,1.42%,0,4.58%,15.41%,21.47%,52.72%,3.36%,0,0,1.03%,0.5
PEF A-190_t5_c1,Yes,A,Healthy,190,2.5,0,0,0,0,0,0,0,0,0,0,0,0,1.29%,1.84%,11.32%,83.01%,2.53%,0,0,0,0
PEF A-190_t5_c2,Yes,A,Healthy,190,2.5,0,0,0,0,0,0,0,0,0,0,0,0,1.17%,7.94%,37.55%,50.44%,2.90%,0,0,0,0.5
PEF A-190_t5_c3,Yes,A,Healthy,190,2.5,0,0,0,0,0,0,0,0,0,0,0,0.24%,0.46%,3.82%,39.15%,54.84%,1.50%,0,0,0,0.5
PEF A-190_t5_c4,Yes,A,Healthy,190,2.5,0,0,0,0,0,0,0,0,0,0,0,0,2.15%,10.92%,43.12%,41.47%,2.33%,0,0,0,0.5
PEF C-190_t5_c1,Yes,C,Healthy,190,2.5,0,0,0,0,0,0,0,0,0,0,0,0,1.66%,11.39%,23.86%,35.00%,26.35%,1.74%,0,0,1
PEF C-190_t5_c2,Yes,C,Healthy,190,2.5,0,0,0,0,0,0,0,0,0,0,0.52%,1.61%,3.01%,8.19%,12.54%,51.82%,20.14%,2.16%,0,0,1
PEF C-190_t5_c3,Yes,C,Healthy,190,2.5,0,0,0,0,0,0,0,0,0,0,3.84%,3.69%,5.92%,35.51%,36.52%,6.70%,5.23%,2.59%,0,0,1.5
PEF C-190_t5_c4,Yes,C,Healthy,190,2.5,0,0,0,0,0,0,0,0,0,0,0,1.02%,4.26%,18.66%,36.85%,33.40%,4.39%,1.43%,0,0,1
PEF D-190_t5_c1,Yes,D,Healthy,190,2.5,0,0,0,0,0,0,0,0,0,0,0,0,4.74%,10.26%,33.00%,42.03%,9.97%,0,0,0,1
PEF C-190_t6_c1,Yes,C,Healthy,190,3.0,0,0,0,0,0,0,0,0,0,0,0,0,4.49%,13.14%,43.73%,33.11%,3.70%,1.83%,0,0,1
PEF C-190_t6_c2,Yes,C,Healthy,190,3.0,0,0,0,0,0,0,0,0,0,0.23%,0,1.45%,3.17%,2.61%,27.11%,45.88%,15.21%,4.32%,0,0,1
PEF C-190_t6_c3,Yes,C,Healthy,190,3.0,0,0,0,0,0,0,0,0,0,0,0,0,0,9.08%,16.90%,58.29%,14.04%,1.69%,0,0,1
PEF C-190_t6_c4,Yes,C,Healthy,190,3.0,0,0,0,0,0,0,0,0,0,1.60%,3.04%,3.27%,7.97%,8.28%,49.18%,19.43%,5.92%,1.31%,0,0,1
PEF B-190_t7_c1,Yes,B,Healthy,190,3.5,0,0,0,0,0,0,0,0,0,0.13%,0.24%,1.31%,4.70%,3.42%,1.42%,0.22%,0.18%,0,0,88.37%,1
PEF C-190_t7_c1,Yes,C,Healthy,190,3.5,0,0,0,0,0,0,0,0,0,0,0,4.79%,32.08%,32.04%,24.09%,1.84%,5.18%,0,0,0,1
PEF C-190_t7_c2,Yes,C,Healthy,190,3.5,0,0,0,0,0,0,1.80%,0,3.95%,7.37%,11.40%,16.88%,45.66%,5.90%,3.14%,2.58%,1.32%,0,0,0,2
PEF C-190_t7_c3,Yes,C,Healthy,190,3.5,0,0,0,0,0,0,0,0.27%,0,1.29%,2.41%,6.92%,16.89%,11.22%,39.28%,17.59%,4.13%,0,0,0,1.5
PEF C-190_t7_c4,Yes,C,Healthy,190,3.5,0,0,0,0,0,0,0,0,0,0,10.60%,10.29%,14.67%,29.07%,29.71%,3.54%,2.11%,0,0,0,1
No PEF A-190_t8_c1,No,A,Healthy,190,4.0,0,0,0,0,0,0,0,0,0,0,0,0,18.65%,50.09%,23.51%,3.79%,3.96%,0,0,0,1
No PEF A-190_t8_c2,No,A,Healthy,190,4.0,0,0,0,0,0,0,0,0,0,0.64%,0,6.57%,12.36%,30.16%,40.30%,6.31%,3.65%,0,0,0,1
No PEF A-190_t8_c3,No,A,Healthy,190,4.0,0,0,0,0,0,0,0,0,0.48%,0,0,1.59%,16.95%,32.93%,39.65%,2.43%,5.98%,0,0,0,1
PEF A-190_t9_c1,Yes,A,Healthy,190,4.5,0,0,0,0,0,0,0,1.67%,0,3.77%,15.17%,31.28%,27.92%,12.76%,1.78%,3.06%,2.60%,0,0,0,2
PEF A-190_t9_c2,Yes,A,Healthy,190,4.5,0,0,0,0,0,0,0,0,0,0,1.98%,0,9.56%,28.83%,49.92%,7.70%,2.02%,0,0,0,1.5
PEF A-190_t9_c3,Yes,A,Healthy,190,4.5,0,0,0,0,0,0,0,0,0,5.05%,10.61%,10.54%,17.36%,18.93%,23.64%,11.67%,2.18%,0,0,0,1.5
PEF A-190_t9_c4,Yes,A,Healthy,190,4.5,0,0,0,0,0,0,0,0,0,0,0,0,21.39%,57.92%,17.17%,1.68%,1.84%,0,0,0,1
PEF A-190_t11_c1,Yes,A,Healthy,190,6.5,0,0,0,0,0,0,0,1.68%,2.95%,3.83%,7.90%,15.50%,20.50%,29.54%,16.32%,0,1.79%,0,0,0,1.5
PEF A-190_t11_c2,Yes,A,Healthy,190,6.5,0,0,0,0,1.10%,0,0,2.39%,4.39%,9.12%,11.52%,19.07%,26.86%,15.65%,5.61%,2.43%,1.87%,0,0,0,2
PEF A-190_t11_c3,Yes,A,Healthy,190,6.5,0,0,0,0,0,3.08%,5.20%,8.16%,2.56%,19.81%,12.73%,11.51%,20.63%,8.18%,6.49%,0,1.64%,0,0,0,2.5
No PEF C-190_t12_c1,No,C,Healthy,190,8.0,0,0,0,0,0,0,0,0,2.16%,8.73%,10.39%,27.93%,31.85%,13.59%,2.66%,0,2.69%,0,0,0,1.5
No PEF C-190_t12_c2,No,C,Healthy,190,8.0,0,0,0,0,0,0,0,0,0,4.11%,4.71%,5.52%,22.60%,12.69%,23.51%,21.58%,5.29%,0,0,0,1
No PEF C-190_t12_c3,No,C,Healthy,190,8.0,0,0,0,0,0,0,1.94%,4.79%,7.61%,10.57%,4.43%,37.01%,25.33%,3.19%,2.70%,2.44%,0,0,0,0,2
No PEF C-190_t12_c4,No,C,Healthy,190,8.0,0,0,0,0,0,0,0,1.61%,2.96%,8.03%,17.68%,31.01%,14.44%,20.03%,2.01%,0,2.22%,0,0,0,2
No PEF D-190_t13_c1,No,D,Healthy,190,9.5,0,0,0,0.81%,0,0,1.50%,3.28%,3.19%,3.86%,6.98%,28.60%,21.27%,14.80%,12.53%,0,3.18%,0,0,0,2.5
No PEF D-190_t13_c2,No,D,Healthy,190,9.5,0,0,0,0,0,0,0,0,0.88%,0,11.59%,21.05%,27.46%,21.74%,14.82%,0,2.46%,0,0,0,2.5
No PEF D-190_t13_c3,No,D,Healthy,190,9.5,0,0,0,0,0,0,0,0,4.70%,4.82%,20.52%,17.36%,28.05%,16.03%,5.38%,3.14%,0,0,0,0,3
No PEF D-190_t13_c4,No,D,Healthy,190,9.5,0,0,0,0,0,0,2.44%,0,5.78%,11.34%,17.91%,31.01%,17.20%,5.73%,5.91%,2.70%,0,0,0,0,3
No PEF D-190_t13_c5,No,D,Healthy,190,9.5,0,0,0,0,0,4.89%,0,7.59%,8.93%,15.41%,14.72%,19.65%,13.85%,5.71%,5.66%,3.59%,0,0,0,0,3
PEF C-190_t13_c1,Yes,C,Healthy,190,9.5,0,0,0,0,0,1.36%,0,5.67%,17.70%,29.07%,23.17%,13.00%,5.64%,0,1.73%,2.66%,0,0,0,0,3
PEF C-190_t13_c2,Yes,C,Healthy,190,9.5,0,0,0,0,0,0,0,1.61%,2.70%,2.68%,12.61%,35.01%,30.14%,9.95%,1.55%,3.75%,0,0,0,0,2
PEF C-190_t13_c3,Yes,C,Healthy,190,9.5,0,0,0,0,0,0,0,0,2.81%,13.09%,16.87%,27.99%,17.50%,16.66%,1.51%,3.56%,0,0,0,0,2
No PEF D-190_t14_c1,No,D,Healthy,190,11.0,0,0,0,0,0,0,1.89%,2.58%,6.38%,14.84%,23.85%,31.10%,9.36%,5.00%,0.92%,2.83%,1.25%,0,0,0,3
No PEF D-190_t14_c2,No,D,Healthy,190,11.0,0,0,0,0,0,0,2.05%,2.64%,7.12%,10.75%,10.50%,5.65%,30.16%,12.93%,14.21%,3.99%,0,0,0,0,2
No PEF D-190_t14_c3,No,D,Healthy,190,11.0,0,0,0,0,5.15%,0,11.49%,8.90%,11.33%,16.03%,29.05%,6.55%,4.50%,1.66%,0,2.39%,2.95%,0,0,0,3
No PEF D-190_t14_c4,No,D,Healthy,190,11.0,0,0,0,0,0,0,0,0,7.92%,12.07%,31.86%,17.15%,11.82%,10.65%,3.71%,2.34%,2.48%,0,0,0,2
No PEF D-190_t14_c5,No,D,Healthy,190,11.0,0,0,0,0,0,0,0,0,0,0,3.65%,26.26%,38.35%,20.23%,6.73%,2.54%,2.25%,0,0,0,1.5
PEF D-190_t14_c1,Yes,D,Healthy,190,11.0,0,0,0,0,0,0,0,1.31%,6.96%,27.47%,20.48%,22.79%,9.87%,4.51%,3.44%,3.17%,0,0,0,0,2.5
PEF D-190_t14_c2,Yes,D,Healthy,190,11.0,0,0,0,0,0,0,0,23.46%,25.19%,12.84%,13.58%,10.41%,5.32%,2.18%,3.55%,3.47%,0,0,0,0,3
PEF D-190_t14_c3,Yes,D,Healthy,190,11.0,0,0,0,0,0,0,0,2.79%,6.58%,20.81%,17.11%,34.95%,6.13%,5.40%,3.21%,3.01%,0,0,0,0,3
PEF D-190_t14_c4,Yes,D,Healthy,190,11.0,0,0,0,0,0,4.11%,11.72%,35.01%,19.96%,10.25%,6.25%,0,4.39%,1.45%,4.39%,2.46%,0,0,0,0,3.5
PEF D-190_t14_c5,Yes,D,Healthy,190,11.0,0,0,0,3.60%,0,5.06%,10.55%,10.24%,20.74%,23.57%,10.28%,3.76%,3.78%,0,2.79%,2.73%,0,0,0,2.91%,3.5
PEF D-190_t17_c1,Yes,D,Healthy,190,15.5,0,0,0,0,0,7.46%,20.60%,36.90%,19.35%,5.51%,4.47%,1.20%,0,2.51%,2.00%,0,0,0,0,0,4
PEF D-190_t17_c2,Yes,D,Healthy,190,15.5,0,0,0,0,9.02%,21.05%,38.71%,15.60%,5.89%,2.04%,1.14%,0,0.83%,1.48%,4.23%,0,0,0,0,0,4
PEF D-190_t17_c3,Yes,D,Healthy,190,15.5,0,0,0,0,0,0,3.93%,31.74%,23.19%,17.93%,6.87%,8.27%,1.44%,3.74%,0,2.89%,0,0,0,0,3.5
PEF D-190_t17_c4,Yes,D,Healthy,190,15.5,0,0,0,0,0,0,6.26%,18.21%,45.15%,13.73%,1.94%,5.28%,1.61%,3.33%,3.71%,0.79%,0,0,0,0,3.5
PEF D-190_t17_c5,Yes,D,Healthy,190,15.5,0,0,0,0,0,12.18%,37.98%,22.81%,16.14%,2.42%,1.36%,2.30%,0,3.31%,0,1.49%,0,0,0,0,3.5
No PEF C-190_t18_c1,No,C,Healthy,190,17.0,0,0,0,0,3.19%,0,27.42%,24.45%,17.68%,12.56%,6.82%,2.78%,0.89%,2.05%,1.53%,0.65%,0,0,0,0,3.5
No PEF C-190_t18_c2,No,C,Healthy,190,17.0,0,0,0,0,6.65%,22.53%,12.02%,12.38%,16.90%,15.46%,6.51%,2.29%,1.38%,0,3.89%,0,0,0,0,0,4
No PEF C-190_t18_c3,No,C,Healthy,190,17.0,0,0,0,0,17.49%,26.91%,19.11%,18.90%,5.92%,4.22%,1.22%,1.12%,0,2.54%,1.89%,0.68%,0,0,0,0,4
No PEF C-190_t18_c4,No,C,Healthy,190,17.0,0,0,0,3.53%,11.59%,29.74%,23.05%,13.62%,6.39%,5.32%,1.77%,1.90%,0,3.10%,0,0,0,0,0,0,4
No PEF C-190_t18_c5,No,C,Healthy,190,17.0,0,0,0,0,8.75%,13.98%,29.26%,15.31%,11.50%,8.30%,5.49%,2.18%,2.73%,0,1.25%,1.24%,0,0,0,0,4
PEF B-190_t18_c1,Yes,B,Healthy,190,17.0,0,0,0,0,0,3.55%,8.77%,16.45%,23.14%,17.85%,15.07%,7.49%,4.38%,0,3.31%,0,0,0,0,0,3
PEF B-190_t18_c2,Yes,B,Healthy,190,17.0,0,0,0,0,7.24%,9.98%,15.10%,25.67%,16.34%,10.63%,6.55%,4.93%,0,1.60%,0,1.97%,0,0,0,0,3.5
PEF B-190_t18_c3,Yes,B,Healthy,190,17.0,0,0,0,0,6.34%,10.90%,26.01%,27.20%,11.70%,8.53%,1.14%,3.15%,0,2.19%,2.84%,0,0,0,0,0,3.5
PEF B-190_t18_c4,Yes,B,Healthy,190,17.0,0,8.62%,0,13.84%,13.63%,20.94%,17.18%,14.83%,0,4.35%,3.12%,0,0,2.58%,0.93%,0,0,0,0,0,4
PEF B-190_t18_c5,Yes,B,Healthy,190,17.0,0,0,0,0,0,2.10%,5.11%,9.10%,17.71%,16.22%,22.17%,14.98%,6.74%,4.15%,1.71%,0,0,0,0,0,3
No PEF A-190_t8(2)_c1,No,A,Healthy,190,4.0,0,0,0,0,0,0,0,0,0,0,0,0,19.13%,46.43%,26.35%,2.95%,5.15%,0,0,0,1
No PEF A-190_t8(2)_c2,No,A,Healthy,190,4.0,0,0,0,0,0,0,0,0,0,0.51%,0,7.40%,10.40%,35.87%,32.06%,10.26%,3.51%,0,0,0,1
No PEF A-190_t8(2)_c3,No,A,Healthy,190,4.0,0,0,0,0,0,0,0,0,0.49%,0,0,2.73%,10.02%,43.93%,32.93%,3.51%,5.14%,1.26%,0,0,1
No PEF A-190_t8(2)_c4,No,A,Healthy,190,4.0,0,0,0,0,0,0,0,0.06%,0,0,0,0,5.57%,22.15%,38.03%,28.33%,3.98%,1.87%,0,0,1
No PEF B-190C_t1_c1,No,B,Healthy,190,0.5,0,0,0,0,0,0,0,0,0,0,0,0,0,0.15%,2.16%,16.23%,77.09%,2.49%,0,1.88%,"""000"""
No PEF B-190C_t1_c3,No,B,Healthy,190,0.5,0,0,0,0,0,0,0,0,0,0,0,0,0,0.70%,3.40%,4.60%,86.76%,4.54%,0,0,"""000"""
No PEF B-190C_t7_c1,No,B,Healthy,190,3.5,0,0,0,2.23%,0,0,3.59%,0,4.11%,0,7.97%,11.69%,37.17%,24.64%,4.20%,1.60%,2.79%,0,0,0,2
No PEF B-190C_t7_c2,No,B,Healthy,190,3.5,0,0,0,0,0,1.06%,0,1.40%,0,1.87%,2.32%,12.14%,26.17%,26.73%,22.13%,2.00%,4.19%,0,0,0,2
No PEF B-190C_t7_c3,No,B,Healthy,190,3.5,0,0,0,0,0,0,1.40%,0,2.66%,4.59%,7.82%,9.99%,19.06%,32.71%,13.47%,2.10%,6.19%,0,0,0,2
No PEF B-190C_t7_c4,No,B,Healthy,190,3.5,0,0,0,0,0,0,0,0,0,0.90%,1.98%,1.97%,17.37%,48.02%,23.51%,3.66%,2.59%,0,0,0,1
No PEF B-190C_t16_c1,No,B,Healthy,190,14.0,0,0,0,0,0,0,2.54%,14.80%,19.07%,17.77%,27.15%,6.88%,4.21%,4.31%,1.58%,1.70%,0,0,0,0,3.5
No PEF B-190C_t16_c2,No,B,Healthy,190,14.0,0,0,0,0,1.87%,6.42%,19.80%,26.03%,19.70%,13.36%,5.48%,2.23%,2.12%,0,1.92%,1.07%,0,0,0,0,4
No PEF B-190C_t16_c3,No,B,Healthy,190,14.0,0,0,0,0,1.23%,7.09%,16.62%,34.44%,18.57%,12.35%,3.56%,2.04%,0,0,2.09%,2.01%,0,0,0,0,4
No PEF B-190C_t16_c4,No,B,Healthy,190,14.0,0,0,0,0,0,0,0,15.59%,23.09%,17.88%,11.08%,14.57%,11.19%,2.17%,2.26%,2.18%,0,0,0,0,3
PEF A+170_t0_c1,Yes,A,Infected,170,0.0,0,0,0,0,0,0,0,0,0,0,0,0,0.15%,0,8.78%,30.27%,60.80%,0,0,0,"""000"""
PEF A+170_t0_c2,Yes,A,Infected,170,0.0,0,0,0,0,0,0,0,0,0,0.02%,0,0,0,0,3.42%,16.59%,60.09%,19.88%,0,0,"""000"""
PEF A+170_t0_c3,Yes,A,Infected,170,0.0,0,0,0,0,0,0,0,0,0,0,0,0,0,0,4.86%,22.37%,57.94%,14.83%,0,0,"""000"""
No PEF C+170_t1_c2,No,C,Infected,170,1.0,0,0,0,0,0,0,0,0,0.90%,0,2.49%,4.83%,22.34%,39.90%,25.21%,2.29%,2.03%,0,0,0,0.5
No PEF C+170_t1_c3,No,C,Infected,170,1.0,0,0,0,0,0,0,0,0,0,0.40%,0,1.57%,21.63%,39.55%,30.39%,3.79%,2.68%,0,0,0,0.5
PEF A+170_t1_c1,Yes,A,Infected,170,1.0,0,0,0,0,0,0,0,0,0,0,0,1.52%,7.18%,10.40%,35.41%,41.92%,3.56%,0,0,0,0
PEF A+170_t1_c2,Yes,A,Infected,170,1.0,0,0,0,0,0,0,0,0,0.63%,0,1.74%,8.66%,22.63%,38.25%,23.57%,2.19%,2.33%,0,0,0,1
PEF A+170_t1_c3,Yes,A,Infected,170,1.0,0,0,0,0,0,0,0.12%,0,0,0,0.71%,1.14%,1.33%,2.09%,11.08%,76.21%,7.30%,0,0,0,<0
PEF B+170_t1_c1,Yes,B,Infected,170,1.0,0,0,0,0,0,0,0,0,0,0,0,0,0.42%,0,14.58%,71.54%,9.17%,2.47%,0,1.82%,0
PEF B+170_t1_c2,Yes,B,Infected,170,1.0,0,0,0,0,0,0,0,0,0,0,0.25%,0,1.68%,0,53.09%,31.39%,10.79%,2.80%,0,0,0
PEF B+170_t1_c3,Yes,B,Infected,170,1.0,0,0,0,0,0.16%,0,0,0,0,0.60%,1.88%,2.49%,0,2.45%,10.56%,22.11%,57.27%,2.48%,0,0,0
PEF B+170_t1_c4,Yes,B,Infected,170,1.0,0,0,0,0,0,0,0,0,0,0.96%,2.47%,4.33%,6.71%,11.53%,33.05%,32.80%,8.15%,0,0,0,0
PEF B+170_t1_c5,Yes,B,Infected,170,1.0,0,0,0,0,0,0,0,0,0,0,0,0,0.17%,0,0.51%,64.86%,31.22%,3.24%,0,0,0
PEF B+170_t1_c6,Yes,B,Infected,170,1.0,0,0,0,0,0,0,0,0,0.15%,0,0,0,0.47%,5.31%,28.24%,53.69%,9.27%,1.34%,0,1.52%,0
PEF B+170_t1_c7,Yes,B,Infected,170,1.0,0,0,0,0,0,0,0,0,0,0,0,0.13%,0,0.62%,27.45%,49.76%,20.34%,1.71%,0,0,0
PEF B+170_t1_c8,Yes,B,Infected,170,1.0,0,0,1.26%,0,1.09%,0,0,0.73%,0.33%,1.07%,1.29%,2.28%,4.22%,18.60%,51.67%,13.96%,3.49%,0,0,0,<0
PEF D+170_t1_c1,Yes,D,Infected,170,1.0,0,0,0,0,0,0,0,0,0.49%,0,1.31%,2.40%,13.38%,40.00%,38.34%,2.79%,1.29%,0,0,0,<0
PEF D+170_t1_c2,Yes,D,Infected,170,1.0,0,0,0,0,0,0,0,0,0,0,0,1.26%,3.61%,17.71%,59.38%,12.64%,5.38%,0,0,0,0
PEF D+170_t1_c3,Yes,D,Infected,170,1.0,0,0,0,0,0,0,0,0,0.38%,0,0,1.81%,23.01%,28.17%,41.35%,4.01%,1.27%,0,0,0,<0
No PEF D+170_t2_c1,No,D,Infected,170,2.0,0,0,0,0,0,0,0,1.18%,0,4.20%,14.83%,25.55%,28.32%,14.41%,7.71%,3.80%,0,0,0,0,1.5
No PEF D+170_t2_c2,No,D,Infected,170,2.0,0,0,0,0,0,0,0,0,1.22%,0,3.50%,9.18%,34.58%,23.45%,24.48%,1.14%,2.44%,0,0,0,1
No PEF D+170_t2_c3,No,D,Infected,170,2.0,0,0,0,0,3.29%,0,9.67%,13.89%,17.89%,15.38%,16.42%,9.60%,4.66%,1.40%,5.63%,2.17%,0,0,0,0,3
No PEF D+170_t2_c4,No,D,Infected,170,2.0,0,0,0,0,0.75%,1.61%,3.07%,3.43%,3.03%,0,3.05%,4.41%,12.14%,24.00%,41.73%,0,2.76%,0,0,0,1.5
No PEF D+170_t2_c5,No,D,Infected,170,2.0,0,0,0,0,0,0,0,0,0.96%,1.83%,2.22%,5.81%,23.07%,33.48%,27.78%,4.85%,0,0,0,0,1
PEF C+170_t2_c1,Yes,C,Infected,170,2.0,0,0,0,0,0,0,0,0,2.54%,3.55%,4.42%,7.13%,28.73%,44.37%,5.06%,2.11%,2.09%,0,0,0,0.5
PEF C+170_t2_c2,Yes,C,Infected,170,2.0,0,0,0,0,0,0,0,0,0,0,1.40%,2.89%,24.23%,28.97%,39.25%,1.65%,1.62%,0,0,0,0.5
PEF C+170_t2_c3,Yes,C,Infected,170,2.0,0,0,0,0,0,0.25%,0,0,0,2.55%,5.41%,21.91%,34.31%,20.58%,10.99%,2.37%,1.65%,0,0,0,1
PEF C+170_t3_c1,Yes,C,Infected,170,3.0,0,0,0,0,0,0,0,0,1.54%,0,3.85%,4.53%,31.66%,36.48%,15.98%,3.47%,2.49%,0,0,0,1
PEF C+170_t3_c2,Yes,C,Infected,170,3.0,0,0,0,0,3.88%,5.23%,0,10.16%,15.87%,30.31%,14.23%,9.81%,5.49%,1.02%,2.62%,1.37%,0,0,0,0,2.5
PEF C+170_t3_c3,Yes,C,Infected,170,3.0,0,0,0,0,0,0,0,1.62%,6.69%,8.51%,29.53%,28.95%,15.49%,4.74%,3.47%,0.99%,0,0,0,0,2
PEF A+170_t4_c1,Yes,A,Infected,170,4.0,0,0,0,0,0,0,6.17%,15.76%,17.57%,21.21%,16.65%,13.82%,3.89%,0,1.04%,2.42%,1.47%,0,0,0,2.5
PEF A+170_t4_c2,Yes,A,Infected,170,4.0,0,0,0,0,0,0,4.25%,12.78%,13.62%,19.02%,27.33%,12.15%,5.73%,0,1.31%,0,3.81%,0,0,0,2.5
PEF A+170_t4_c3,Yes,A,Infected,170,4.0,0,0,0,0,1.33%,2.18%,3.74%,0,17.71%,13.48%,9.91%,10.72%,21.55%,15.50%,0,1.93%,1.95%,0,0,0,2.5
PEF A+170_t4_c4,Yes,A,Infected,170,4.0,0,0,0,0,0,0.71%,2.24%,4.35%,5.36%,10.89%,11.39%,21.20%,15.77%,16.92%,6.54%,0,4.62%,0,0,0,2.5
PEF D+170_t4_c1,Yes,D,Infected,170,4.0,0,0,0,0,0,2.42%,5.47%,15.69%,20.44%,28.40%,9.63%,10.94%,1.73%,1.20%,2.81%,0,1.26%,0,0,0,2.5
PEF D+170_t4_c2,Yes,D,Infected,170,4.0,0,0,0,0,0,0,0,0,3.29%,13.09%,16.03%,36.12%,20.94%,5.06%,0,3.55%,1.91%,0,0,0,2
PEF D+170_t4_c3,Yes,D,Infected,170,4.0,0,0,0,0,0,0,0,5.45%,33.56%,19.39%,19.33%,12.04%,5.22%,1.37%,1.99%,0,1.65%,0,0,0,2.5
PEF D+170_t4_c4,Yes,D,Infected,170,4.0,0,0,0,0,0,0,0,1.24%,5.11%,9.61%,13.19%,10.77%,25.59%,22.11%,8.07%,0,4.31%,0,0,0,2
PEF D+170_t4_c5,Yes,D,Infected,170,4.0,0,0,0,0,0,0,2.71%,5.91%,7.39%,19.40%,18.99%,24.22%,8.29%,4.59%,4.81%,2.22%,1.48%,0,0,0,2
No PEF B+170_t5_c1,No,B,Infected,170,5.0,0,0,0,1.62%,10.03%,11.43%,31.95%,20.94%,14.28%,3.10%,2.34%,0,1.45%,1.31%,0,1.54%,0,0,0,0,3.5
No PEF B+170_t5_c2,No,B,Infected,170,5.0,0,0,0,1.88%,4.52%,10.64%,17.15%,18.67%,20.53%,6.98%,10.31%,6.00%,0,1.48%,0,1.82%,0,0,0,0,3
No PEF B+170_t5_c3,No,B,Infected,170,5.0,0,0,0,0,11.49%,9.76%,14.12%,24.55%,14.96%,8.26%,8.68%,1.81%,1.68%,1.30%,1.07%,2.31%,0,0,0,0,3
No PEF B+170_t5_c4,No,B,Infected,170,5.0,0,0,0,2.20%,5.19%,12.70%,26.47%,15.76%,16.83%,6.64%,6.02%,1.82%,1.95%,1.80%,0,2.63%,0,0,0,0,3
PEF C+170_t6_c1,Yes,C,Infected,170,6.0,0,0,9.08%,9.56%,23.65%,20.22%,18.28%,6.72%,2.86%,4.25%,0,2.76%,0,1.49%,1.14%,0,0,0,0,0,4
PEF C+170_t6_c2,Yes,C,Infected,170,6.0,0,0,0,0,0,5.02%,9.93%,22.85%,22.56%,20.87%,8.22%,4.55%,2.55%,1.46%,1.25%,0.76%,0,0,0,0,3
PEF C+170_t6_c3,Yes,C,Infected,170,6.0,0,0,0,5.33%,7.56%,13.51%,21.90%,16.19%,11.39%,14.31%,0,4.78%,1.56%,2.56%,0.93%,0,0,0,0,0,3.5
No PEF A+170_t7_c1,No,A,Infected,170,7.0,0,6.96%,19.51%,18.79%,15.83%,11.74%,9.11%,3.16%,5.93%,4.10%,0,1.92%,0,0,2.96%,0,0,0,0,0,4
PEF D+170_t9_c1,Yes,D,Infected,170,9.0,0,0,0,0,0,0,3.49%,15.09%,28.31%,32.14%,13.39%,0.92%,1.39%,0.77%,1.48%,1.15%,1.86%,0,0,0,2.5
PEF D+170_t9_c2,Yes,D,Infected,170,9.0,0,0,0,3.51%,7.76%,27.31%,14.87%,26.55%,8.44%,3.99%,1.30%,0.95%,0,1.04%,2.52%,0,1.76%,0,0,0,3
PEF D+170_t9_c3,Yes,D,Infected,170,9.0,0,0,0,3.08%,7.33%,27.03%,16.27%,7.94%,11.77%,10.77%,6.02%,4.00%,0,1.20%,1.66%,2.94%,0,0,0,0,3
PEF D+170_t9_c4,Yes,D,Infected,170,9.0,0,0,0,5.09%,11.86%,21.83%,18.75%,14.49%,16.21%,4.67%,0,2.22%,0,1.07%,2.16%,0,1.64%,0,0,0,3.5
PEF A+170_t11_c1,Yes,A,Infected,170,13.0,0,0,0,0,5.86%,15.17%,20.77%,23.19%,16.85%,7.98%,2.78%,2.96%,0.83%,1.01%,0,2.61%,0,0,0,0,3
PEF A+170_t11_c2,Yes,A,Infected,170,13.0,0,0,0,0,5.39%,13.75%,23.81%,22.71%,13.35%,11.83%,2.15%,2.17%,2.08%,0,0,2.75%,0,0,0,0,3.5
PEF A+170_t11_c3,Yes,A,Infected,170,13.0,0,0,0,0,3.16%,11.67%,34.92%,33.09%,6.70%,4.98%,1.73%,1.10%,0,0.92%,0,1.73%,0,0,0,0,3.5
PEF C+170_t12_c1,Yes,C,Infected,170,16.0,0,0,0,7.74%,19.34%,18.11%,14.17%,15.85%,10.94%,6.99%,2.40%,1.71%,0,1.18%,1.58%,0,0,0,0,0,3.5
PEF C+170_t12_c2,Yes,C,Infected,170,16.0,0,0,0,7.93%,18.29%,29.76%,14.80%,7.70%,9.61%,3.30%,2.03%,2.91%,1.11%,1.10%,0,1.44%,0,0,0,0,3.5
PEF C+170_t12_c3,Yes,C,Infected,170,16.0,0,0,0,6.95%,15.86%,10.76%,18.01%,15.12%,12.40%,9.29%,5.41%,0,3.14%,0.86%,0,2.19%,0,0,0,0,3.5
PEF C+170_t12_c4,Yes,C,Infected,170,16.0,0,0,0.76%,0,18.32%,29.34%,23.58%,13.14%,7.65%,2.84%,0,1.19%,0,1.07%,0,2.13%,0,0,0,0,4
PEF C+170_t12_c5,Yes,C,Infected,170,16.0,0,0,0,0,0,1.28%,6.47%,13.82%,19.81%,14.70%,23.33%,5.68%,7.97%,4.82%,0,2.12%,0,0,0,0,2.5
No PEF A+170_t18_c1,No,A,Infected,170,34.0,0,19.85%,25.80%,19.80%,8.54%,3.51%,6.16%,7.39%,2.61%,1.66%,2.56%,0,1.23%,0,0.87%,0,0,0,0,0,4
No PEF A+170_t18_c2,No,A,Infected,170,34.0,0,18.08%,24.54%,16.22%,16.74%,9.62%,3.06%,4.57%,3.15%,1.73%,0,1.32%,0,0.96%,0,0,0,0,0,0,4
No PEF A+170_t18_c3,No,A,Infected,170,34.0,0,14.35%,26.32%,19.70%,17.29%,5.66%,6.54%,3.86%,3.00%,0,1.75%,0,1.53%,0,0,0,0,0,0,0,4
No PEF A+170_t18_c4,No,A,Infected,170,34.0,5.61%,19.41%,17.51%,25.72%,13.46%,4.66%,4.31%,4.39%,1.96%,0,1.30%,0.99%,0.68%,0,0,0,0,0,0,0,4
No PEF A+170_t18_c5,No,A,Infected,170,34.0,0,17.31%,27.00%,17.72%,12.22%,8.38%,6.79%,3.78%,1.65%,1.20%,0,1.69%,0,2.27%,0,0,0,0,0,0,4
PEF B+170_t2 (1)_c1,Yes,B,Infected,170,2.0,0,0,0,0,0,0,0,0,0.46%,1.82%,0,3.74%,5.36%,19.19%,46.08%,19.66%,3.69%,0,0,0,1
PEF B+170_t2 (1)_c2,Yes,B,Infected,170,2.0,0,0,0,0,0,0,0,0,0.62%,2.36%,3.87%,3.42%,9.31%,4.29%,34.89%,32.76%,8.47%,0,0,0,1
PEF B+170_t2 (1)_c3,Yes,B,Infected,170,2.0,0,0,0,0,0,0,0,0,0,0,1.08%,2.30%,12.51%,14.12%,22.02%,43.00%,4.98%,0,0,0,1
PEF B+170_t2 (1)_c4,Yes,B,Infected,170,2.0,0,0,0,0,0,0,0,0,0,1.17%,3.13%,0,10.11%,10.60%,32.00%,39.31%,2.60%,1.08%,0,0,1
PEF B+170_t2 (2)_c2,Yes,B,Infected,170,2.0,0,0,0,0,0,0,0,0,0,0,0,0,0.26%,0,22.22%,69.09%,6.83%,0,0,1.60%,0
PEF B+170_t2 (2)_c3,Yes,B,Infected,170,2.0,0,0,0,0,0,0,0,0,0,0.94%,0,2.44%,7.31%,13.01%,50.34%,23.30%,2.65%,0,0,0,0
PEF B+170_t2 (2)_c4,Yes,B,Infected,170,2.0,0,0,0,0,0,0,0,0,0,0,0.32%,0,5.00%,14.80%,41.45%,37.51%,0.92%,0,0,0,0
PEF B+170_t2 (2)_c5,Yes,B,Infected,170,2.0,0,0,0,0,0,0,0,0,0,0,1.58%,2.32%,6.13%,26.85%,38.11%,23.04%,1.97%,0,0,0,0
PEF A+180_t0_c1,Yes,A,Infected,180,0.0,0,0,0,0,0,0,0,0,0,0,0,0,0.14%,0,8.74%,26.78%,58.39%,5.94%,0,0,"""000"""
PEF A+180_t0_c2,Yes,A,Infected,180,0.0,0,0,0,0,0,0,0,0,0,0,0.03%,0,0,0,3.73%,16.51%,60.02%,19.71%,0,0,"""000"""
PEF A+180_t0_c3,Yes,A,Infected,180,0.0,0,0,0,0,0,0,0,0,0,0,0,0,0,0,3.63%,14.68%,57.53%,22.36%,0,1.79%,"""000"""
PEF B+180_t1_c1,Yes,B,Infected,180,1.0,0,0,0,0,0,0,0,0,0.15%,0,0.46%,1.34%,16.17%,31.36%,43.13%,4.97%,2.43%,0,0,0,1
PEF B+180_t1_c2,Yes,B,Infected,180,1.0,0,0,0,0,0,0,0,0,0.26%,0.99%,1.98%,2.73%,3.42%,5.25%,14.92%,67.02%,3.43%,0,0,0,0.5
PEF B+180_t1_c3,Yes,B,Infected,180,1.0,0,0,0,0,0,0,0,0,0,0,0,0.93%,1.82%,8.18%,34.71%,52.51%,1.85%,0,0,0,0
No PEF D+180_t4_c1,No,D,Infected,180,4.0,0,0,0,0,0,4.32%,10.64%,13.14%,16.14%,13.49%,7.93%,14.36%,5.44%,7.73%,3.99%,2.80%,0,0,0,0,4
No PEF D+180_t4_c2,No,D,Infected,180,4.0,0,0,0,4.33%,0,7.77%,15.73%,25.01%,20.22%,9.59%,5.93%,2.92%,2.23%,0,3.53%,2.74%,0,0,0,0,4
No PEF D+180_t4_c3,No,D,Infected,180,4.0,0,0,0,0,0,1.34%,0,17.15%,16.22%,34.86%,11.43%,6.89%,1.33%,3.79%,3.71%,1.25%,2.03%,0,0,0,4
No PEF D+180_t4_c4,No,D,Infected,180,4.0,0,0,0,0,2.80%,11.01%,31.98%,24.75%,13.64%,4.09%,3.83%,1.52%,1.20%,0,2.52%,2.68%,0,0,0,0,4
No PEF D+180_t4_c5,No,D,Infected,180,4.0,0,0,0,0,0,0,0,0,3.36%,16.74%,36.15%,19.17%,14.02%,6.12%,1.87%,0,2.57%,0,0,0,4
No PEF A+180_t5_c1,No,A,Infected,180,5.0,0,0,0,5.08%,3.71%,14.45%,14.86%,27.11%,14.94%,9.16%,4.92%,1.59%,0.83%,0,1.16%,2.19%,0,0,0,0,3.5
No PEF A+180_t5_c3,No,A,Infected,180,5.0,0,0,5.54%,18.03%,19.49%,23.89%,9.94%,8.00%,4.25%,6.00%,0,1.05%,0,1.03%,0,2.77%,0,0,0,0,4
No PEF A+180_t5_c4,No,A,Infected,180,5.0,0,0,0,7.70%,31.77%,25.76%,7.56%,11.85%,5.60%,1.10%,3.13%,0.74%,1.81%,0.67%,1.02%,1.29%,0,0,0,0,3.5
No PEF D+180_t5_c1,No,D,Infected,180,5.0,0,0,6.76%,24.65%,19.44%,22.13%,9.15%,6.82%,4.43%,1.10%,1.51%,0,1.04%,2.98%,0,0,0,0,0,0,4
No PEF D+180_t5_c2,No,D,Infected,180,5.0,0,14.17%,14.11%,30.00%,20.20%,8.06%,5.93%,0,1.37%,1.62%,0.73%,1.48%,0,2.34%,0,0,0,0,0,0,3.5
No PEF D+180_t5_c3,No,D,Infected,180,5.0,0,0,9.70%,36.85%,15.33%,15.03%,10.55%,0,4.59%,1.29%,1.70%,0,2.22%,1.99%,0.74%,0,0,0,0,0,3.5
No PEF D+180_t5_c4,No,D,Infected,180,5.0,0,0,24.08%,19.15%,14.41%,13.65%,13.60%,6.16%,3.12%,0,1.81%,1.46%,0,1.78%,0,0.78%,0,0,0,0,3
PEF C+180_t5_c2,Yes,C,Infected,180,5.0,0,0,0,0,0,2.18%,6.63%,24.18%,19.90%,26.98%,5.91%,4.63%,6.07%,1.40%,0,2.14%,0,0,0,0,3
PEF B+180_t6_c1,Yes,B,Infected,180,6.0,0,0,0,0,0.17%,0.34%,1.09%,0.49%,0.71%,0.93%,0,0.54%,0,0.06%,0.08%,0,0,0,0,95.60%,3
PEF B+180_t6_c2,Yes,B,Infected,180,6.0,0,0,0.11%,0.18%,0.32%,0.19%,0.55%,0.42%,0.79%,0.97%,0.49%,0.25%,0.08%,0,0,0.11%,0,0,0,95.55%,3
PEF B+180_t6_c3,Yes,B,Infected,180,6.0,0,0,0,6.18%,15.06%,21.84%,14.38%,11.92%,11.51%,11.07%,3.45%,1.70%,0,1.15%,0,1.75%,0,0,0,0,3.5
PEF B+180_t6_c4,Yes,B,Infected,180,6.0,0,0,0.41%,0.86%,1.33%,0.60%,0.31%,0.79%,0.12%,0.13%,0.07%,0.07%,0.08%,0,0,0.14%,0,0,0,95.09%,4
PEF B+180_t6_c5,Yes,B,Infected,180,6.0,0,0,7.87%,0,31.51%,19.30%,17.10%,9.40%,6.88%,1.53%,1.68%,1.44%,1.07%,0,0,2.23%,0,0,0,0,4
PEF D+180_t6_c1,Yes,D,Infected,180,6.0,0,0,0,0,0,6.29%,13.56%,22.92%,26.06%,12.89%,8.81%,0,4.83%,1.83%,0,2.81%,0,0,0,0,3
PEF D+180_t6_c2,Yes,D,Infected,180,6.0,0,0,0,7.72%,14.91%,17.44%,12.49%,15.51%,12.80%,7.30%,3.57%,3.97%,1.14%,0,2.21%,0.95%,0,0,0,0,3.5
PEF D+180_t6_c3,Yes,D,Infected,180,6.0,0,0,6.50%,7.72%,24.54%,18.60%,20.95%,9.30%,5.07%,1.56%,1.71%,0,1.72%,0,2.32%,0,0,0,0,0,4
No PEF A+180_t7_c2,No,A,Infected,180,7.0,0,0,5.88%,11.21%,19.05%,17.89%,18.17%,11.73%,7.13%,0,4.60%,1.15%,0,1.38%,0,1.80%,0,0,0,0,4
No PEF A+180_t7_c3,No,A,Infected,180,7.0,0,0,0,4.10%,12.74%,21.17%,33.99%,10.22%,7.53%,3.09%,4.68%,0,1.15%,0,0,1.34%,0,0,0,0,3.5
No PEF D+180_t8_c1,No,D,Infected,180,8.0,0,5.35%,7.67%,8.32%,23.26%,9.44%,18.79%,12.99%,6.64%,0,3.25%,0,2.34%,0,1.96%,0,0,0,0,0,2.5
No PEF D+180_t8_c2,No,D,Infected,180,8.0,0,5.27%,22.00%,16.74%,6.60%,12.96%,9.77%,7.12%,8.68%,3.26%,1.21%,1.12%,0,2.12%,3.15%,0,0,0,0,0,2.5
No PEF D+180_t8_c3,No,D,Infected,180,8.0,0,23.48%,22.87%,12.69%,13.01%,10.62%,8.40%,3.87%,0,1.36%,0,0.99%,0,1.01%,1.70%,0,0,0,0,0,4
No PEF D+180_t8_c4,No,D,Infected,180,8.0,0,0,3.31%,3.37%,8.34%,28.18%,20.03%,9.06%,12.46%,3.06%,7.14%,0,1.64%,0,2.22%,1.18%,0,0,0,0,3.5
No PEF D+180_t8_c5,No,D,Infected,180,8.0,0,0,4.64%,24.94%,25.43%,14.01%,10.39%,9.34%,2.68%,2.74%,2.08%,1.26%,0,1.84%,0,0.63%,0,0,0,0,4
PEF B+180_t8_c1,Yes,B,Infected,180,8.0,0,0,0,0,4.95%,14.42%,20.46%,24.97%,15.81%,7.96%,4.82%,3.26%,0,1.65%,0,1.69%,0,0,0,0,3.5
PEF B+180_t8_c2,Yes,B,Infected,180,8.0,0,1.19%,0,0,1.73%,0,5.44%,11.68%,18.39%,22.08%,14.60%,17.17%,0,6.50%,0,1.22%,0,0,0,0,3
PEF B+180_t8_c3,Yes,B,Infected,180,8.0,0,0,0,0,7.58%,6.52%,14.68%,9.81%,15.97%,18.19%,13.99%,7.33%,2.29%,1.76%,0,1.88%,0,0,0,0,3
PEF B+180_t8_c4,Yes,B,Infected,180,8.0,0,0,0,4.05%,7.09%,13.18%,17.14%,14.85%,16.29%,11.04%,8.45%,2.83%,1.55%,2.13%,0,1.41%,0,0,0,0,3
No PEF D+180_t9_c1,No,D,Infected,180,9.0,0,0,0,0,1.76%,6.46%,12.97%,18.23%,16.03%,18.31%,14.25%,5.89%,1.70%,0,2.71%,1.69%,0,0,0,0,4
No PEF D+180_t9_c2,No,D,Infected,180,9.0,0,0,0,0,0,3.05%,0,7.15%,15.24%,23.60%,20.56%,10.33%,7.90%,6.00%,1.62%,2.56%,1.99%,0,0,0,4
No PEF D+180_t9_c3,No,D,Infected,180,9.0,0,0,0,0,0,2.76%,5.58%,9.92%,10.56%,15.55%,30.74%,9.18%,7.64%,2.34%,3.15%,0,2.58%,0,0,0,2.5
No PEF D+180_t9_c4,No,D,Infected,180,9.0,0,0,4.12%,25.80%,25.40%,20.95%,9.35%,3.12%,2.66%,2.51%,1.96%,0,1.36%,0,2.77%,0,0,0,0,0,2.5
No PEF D+180_t9_c5,No,D,Infected,180,9.0,0,0,0,0,3.28%,6.42%,14.64%,21.24%,31.21%,9.90%,6.68%,1.28%,1.49%,0,2.22%,1.64%,0,0,0,0,3.5
No PEF D+180_t10_c1,No,D,Infected,180,10.0,0,0,18.18%,18.02%,18.52%,20.43%,8.92%,4.00%,4.84%,1.12%,2.01%,0,3.32%,0,0,0.63%,0,0,0,0,2.5
No PEF D+180_t10_c2,No,D,Infected,180,10.0,0,0,4.61%,8.75%,18.30%,21.76%,16.54%,16.15%,5.98%,3.12%,0,1.00%,0,2.12%,0,1.70%,0,0,0,0,3
No PEF D+180_t10_c3,No,D,Infected,180,10.0,0,3.48%,5.73%,5.21%,11.48%,26.83%,17.48%,16.52%,5.41%,2.73%,1.24%,0,0,2.72%,0,1.17%,0,0,0,0,3
No PEF D+180_t10_c4,No,D,Infected,180,10.0,0,0,0,0,0,0,3.61%,7.64%,24.73%,7.93%,29.75%,12.90%,5.20%,4.04%,2.17%,2.04%,0,0,0,0,3
No PEF D+180_t10_c5,No,D,Infected,180,10.0,0,0,0,0,0,0,4.47%,8.11%,13.76%,16.59%,21.52%,23.47%,6.55%,1.39%,1.68%,2.45%,0,0,0,0,2
No PEF D+180_t10_c6,No,D,Infected,180,10.0,0,7.81%,0,7.76%,18.34%,23.31%,19.50%,14.29%,0,3.29%,0.93%,0,1.69%,1.78%,0,1.30%,0,0,0,0,4
PEF C+180_t11_c1,Yes,C,Infected,180,13.0,0,0,0,0,15.35%,14.22%,21.37%,10.67%,11.72%,15.91%,4.04%,3.43%,0,0.95%,2.34%,0,0,0,0,0,3.5
PEF C+180_t11_c2,Yes,C,Infected,180,13.0,0,0,0,3.68%,11.90%,30.60%,18.77%,18.79%,9.19%,0,4.04%,0,1.28%,0,0,1.76%,0,0,0,0,3.5
PEF C+180_t11_c3,Yes,C,Infected,180,13.0,0,0,0,0,11.64%,11.68%,21.07%,17.84%,22.58%,7.68%,2.81%,1.26%,0,1.05%,0,2.40%,0,0,0,0,3.5
PEF C+180_t11_c4,Yes,C,Infected,180,13.0,0,0,0,7.57%,15.56%,15.16%,28.17%,10.02%,10.05%,6.79%,2.04%,0,1.34%,0,3.29%,0,0,0,0,0,3.5
PEF C+180_t11_c5,Yes,C,Infected,180,13.0,0,0,0,0,9.54%,17.18%,32.66%,19.31%,10.03%,4.40%,2.15%,1.04%,0,0.96%,2.74%,0,0,0,0,0,3.5
PEF C+180_t11_c6,Yes,C,Infected,180,13.0,0,0,7.04%,8.18%,18.00%,16.78%,12.50%,9.70%,13.03%,4.76%,1.19%,3.34%,1.67%,1.11%,0,2.71%,0,0,0,0,3.5
PEF A+180_t17_c1,Yes,A,Infected,180,31.0,0,7.69%,20.56%,17.09%,23.53%,14.05%,10.16%,0,3.03%,1.62%,0,0.94%,1.08%,0,0.24%,0,0,0,0,0,4
PEF A+180_t17_c2,Yes,A,Infected,180,31.0,0,13.92%,37.17%,8.01%,11.01%,10.20%,6.41%,4.61%,0,3.22%,0,2.28%,2.14%,0,1.04%,0,0,0,0,0,4
PEF A+180_t17_c3,Yes,A,Infected,180,31.0,0,0,12.40%,24.92%,19.86%,12.91%,5.82%,7.72%,6.23%,4.16%,0,3.31%,1.79%,0,0.88%,0,0,0,0,0,4
PEF A+180_t17_c4,Yes,A,Infected,180,31.0,0,9.40%,20.50%,29.59%,13.43%,11.19%,6.17%,3.34%,1.47%,2.28%,0,1.63%,0,0.99%,0,0,0,0,0,0,4
PEF A+180_t17_c5,Yes,A,Infected,180,31.0,0,17.07%,18.22%,18.62%,14.70%,12.32%,7.36%,3.98%,1.05%,2.81%,1.78%,0,2.10%,0,0,0,0,0,0,0,4
PEF A+180_t17_c6,Yes,A,Infected,180,31.0,0,0,0,12.16%,24.23%,18.81%,12.98%,9.60%,8.00%,2.09%,3.39%,3.73%,2.20%,1.83%,0,0.99%,0,0,0,0,3.5
No PEF A+180_t18_c1,No,A,Infected,180,34.0,0,4.58%,31.72%,18.82%,20.06%,9.48%,8.50%,4.02%,1.12%,0,0.70%,0,1.00%,0,0,0,0,0,0,0,4
No PEF A+180_t18_c2,No,A,Infected,180,34.0,0,9.19%,17.92%,27.90%,18.15%,14.20%,7.08%,1.82%,1.86%,0,0.86%,0,0,1.01%,0,0,0,0,0,0,4
No PEF A+180_t18_c3,No,A,Infected,180,34.0,0,22.93%,21.51%,16.13%,14.24%,10.14%,8.31%,3.06%,0,1.91%,0,0.76%,0,1.01%,0,0,0,0,0,0,4
No PEF A+180_t18_c4,No,A,Infected,180,34.0,0,0,27.11%,25.44%,18.20%,15.69%,8.34%,3.02%,0,0.75%,0,0.67%,0,0.77%,0,0,0,0,0,0,4
No PEF A+180_t18_c5,No,A,Infected,180,34.0,0,27.26%,20.85%,27.97%,11.30%,6.98%,1.22%,2.38%,1.03%,0,0.56%,0,0,0.45%,0,0,0,0,0,0,4
PEF A+180_t18_c1,Yes,A,Infected,180,34.0,0,11.18%,22.06%,25.20%,17.05%,6.11%,7.20%,4.59%,0,2.68%,1.98%,1.47%,0,0.47%,0,0,0,0,0,0,4
PEF A+180_t18_c2,Yes,A,Infected,180,34.0,0,0,5.33%,13.39%,35.36%,23.74%,9.77%,6.80%,2.21%,0,1.99%,0,1.42%,0,0,0,0,0,0,0,4
PEF A+180_t18_c3,Yes,A,Infected,180,34.0,0,10.78%,16.96%,23.03%,17.36%,10.84%,11.24%,3.48%,1.84%,1.60%,1.22%,0,1.14%,0,0.51%,0,0,0,0,0,4
PEF A+180_t18_c5,Yes,A,Infected,180,34.0,0,4.97%,12.03%,38.18%,14.46%,17.70%,8.81%,0,1.79%,0.86%,0,0.67%,0,0.53%,0,0,0,0,0,0,4
No PEF A+190_t0_c1,No,A,Infected,190,0.0,0,0,0,0,0,0,0,0,0,0,0,0,0,0,6.58%,19.94%,72.66%,0.82%,0,0,"""000"""
No PEF A+190_t0_c2,No,A,Infected,190,0.0,0,0,0,0,0,0,0,0,0,0,0.33%,0,1.66%,4.43%,17.42%,48.12%,28.04%,0,0,0,"""00"""
No PEF A+190_t0_c3,No,A,Infected,190,0.0,0,0,0,0,0,0,0,0,0,0,0.18%,1.19%,4.52%,4.03%,6.83%,43.40%,39.85%,0,0,0,<0
No PEF A+190_t0_c4,No,A,Infected,190,0.0,0,0,0,0,0,0,0,0,0,0.13%,0,0.46%,0.92%,1.71%,23.91%,60.00%,12.88%,0,0,0,<0
PEF A+190_t0_c1,Yes,A,Infected,190,0.0,0,0,0,0,0,0,0,0,0,0,0,0,0.17%,0,7.37%,30.49%,53.51%,8.47%,0,0,"""000"""
PEF A+190_t0_c2,Yes,A,Infected,190,0.0,0,0,0,0,0,0,0,0,0,0.03%,0,0,0,0,2.90%,13.10%,74.28%,9.69%,0,0,"""000"""
PEF A+190_t0_c3,Yes,A,Infected,190,0.0,0,0,0,0,0,0,0,0,0,0,0,0,0,0.81%,5.49%,14.22%,66.54%,12.95%,0,0,"""000"""
PEF D+190_t1_c1,Yes,D,Infected,190,0.5,0,0,0,0,0,0,0,0,0.15%,0,0.68%,1.65%,6.77%,17.20%,53.10%,11.80%,8.65%,0,0,0,<0
PEF D+190_t1_c2,Yes,D,Infected,190,0.5,0,0,0,0,0,0,0,0,0,0,0.41%,1.05%,2.79%,17.15%,50.53%,19.45%,6.55%,2.07%,0,0,<0
PEF D+190_t1_c3,Yes,D,Infected,190,0.5,0,0,0,0,0,0,0,0,0,0.51%,0.88%,1.51%,9.75%,16.80%,53.12%,9.01%,8.42%,0,0,0,<0
PEF D+190_t1_c4,Yes,D,Infected,190,0.5,0,0,0,0,0,0,0,0,1.03%,2.21%,4.83%,7.73%,18.60%,19.41%,31.15%,6.68%,6.79%,1.57%,0,0,0.5
PEF D+190_t1_c5,Yes,D,Infected,190,0.5,0,0,0,0,0,0,0,0,0,0.33%,0,1.23%,6.96%,25.28%,47.51%,12.67%,6.02%,0,0,0,<0
No PEF B+190_t2_c3,No,B,Infected,190,1.0,0,0,0,0,0,0,0,0,0.50%,0,0.56%,0,2.68%,0,12.82%,41.10%,40.65%,1.69%,0,0,0
PEF B+190_t2_c1,Yes,B,Infected,190,1.0,0,0,0,0,0,0,0,0,0,0,0,1.22%,2.39%,14.05%,17.81%,44.56%,18.36%,1.61%,0,0,0
PEF B+190_t2_c2,Yes,B,Infected,190,1.0,0,0,0,0,0,0,0,0.52%,0,1.02%,1.51%,0,5.77%,11.92%,40.93%,34.67%,3.66%,0,0,0,0.5
PEF B+190_t2_c3,Yes,B,Infected,190,1.0,0,0,0,0,0,0,0,0,0.47%,0,1.64%,0,13.91%,32.46%,28.73%,19.35%,3.43%,0,0,0,0.5
PEF B+190_t2_c4,Yes,B,Infected,190,1.0,0,0,0,0,0,0,0,0,0,0.56%,0,2.99%,18.88%,46.54%,24.45%,4.00%,2.57%,0,0,0,0.5
No PEF C+190_t4_c2,No,C,Infected,190,2.0,0,0,0,2.17%,8.66%,0,12.40%,19.39%,24.96%,13.83%,5.50%,2.90%,0,3.26%,4.34%,2.58%,0,0,0,0,3
PEF A+190_t4_c1,Yes,A,Infected,190,2.0,0,0,0,0,1.92%,1.69%,2.73%,3.81%,0.81%,5.90%,5.10%,11.38%,40.54%,18.73%,4.58%,0,2.80%,0,0,0,1.5
PEF A+190_t4_c2,Yes,A,Infected,190,2.0,0,0,0,0,0,0,0.97%,0,1.71%,3.40%,0,7.43%,16.06%,38.75%,27.19%,2.88%,1.61%,0,0,0,1.5
PEF A+190_t4_c3,Yes,A,Infected,190,2.0,0,0,0,0,0,2.87%,9.94%,18.95%,22.08%,12.40%,13.02%,12.18%,1.71%,1.34%,3.71%,0,1.81%,0,0,0,2.5
PEF A+190_t4_c4,Yes,A,Infected,190,2.0,0,0,0,0,0,1.08%,0,2.82%,0,3.42%,4.94%,0,5.53%,5.08%,33.41%,39.91%,3.82%,0,0,0,1
PEF D+190_t4_c1,Yes,D,Infected,190,2.0,0,0,0,0,0,0,0,1.86%,7.13%,15.34%,9.78%,28.80%,20.22%,10.17%,4.25%,2.44%,0,0,0,0,2.5
PEF D+190_t4_c2,Yes,D,Infected,190,2.0,0,0,0,0,0,0,2.09%,0,5.47%,13.46%,25.29%,15.99%,21.79%,7.43%,4.88%,3.60%,0,0,0,0,2.5
PEF D+190_t4_c3,Yes,D,Infected,190,2.0,0,0,0,0,0,0,0,0,0,0.44%,1.84%,3.33%,57.01%,26.47%,8.63%,0,2.28%,0,0,0,1.5
PEF D+190_t4_c4,Yes,D,Infected,190,2.0,0,0,0,0,1.62%,0,0,4.40%,5.53%,7.53%,11.43%,22.24%,27.36%,14.66%,2.71%,0,2.52%,0,0,0,2
No PEF D+190_t5_c1,No,D,Infected,190,2.5,0,0,0,3.06%,0,7.29%,11.10%,24.42%,9.67%,12.34%,11.22%,9.87%,5.65%,0.92%,2.84%,0,1.63%,0,0,0,3
No PEF D+190_t5_c3,No,D,Infected,190,2.5,0,0,0,0,8.47%,22.29%,33.45%,19.78%,5.14%,1.80%,2.36%,0,1.66%,0,2.72%,2.34%,0,0,0,0,3
No PEF D+190_t5_c4,No,D,Infected,190,2.5,0,0,0,0,0,2.48%,0,14.68%,29.62%,19.31%,17.40%,5.82%,4.80%,1.26%,2.32%,2.32%,0,0,0,0,2.5
PEF A+190_t5_c1,Yes,A,Infected,190,2.5,0,0,0,0,0,2.79%,0,7.55%,14.81%,17.92%,36.08%,8.93%,7.88%,0,2.94%,1.08%,0,0,0,0,2.5
PEF A+190_t5_c2,Yes,A,Infected,190,2.5,0,0,0,0,0,0,2.15%,17.64%,33.97%,27.06%,8.62%,4.16%,1.22%,1.20%,1.89%,0,2.09%,0,0,0,3
PEF A+190_t5_c3,Yes,A,Infected,190,2.5,0,0,0,0,5.31%,19.11%,14.41%,25.25%,13.49%,11.84%,2.93%,1.14%,1.71%,1.45%,1.94%,0,1.41%,0,0,0,3
PEF A+190_t5_c4,Yes,A,Infected,190,2.5,0,0,0,0,1.41%,0,5.55%,9.19%,14.53%,23.25%,7.46%,16.17%,13.70%,2.42%,3.75%,2.57%,0,0,0,0,2.5
No PEF B+190_t6_c1,No,B,Infected,190,3.0,0,0,0,3.60%,8.33%,13.24%,20.64%,27.27%,15.83%,2.77%,0,1.61%,0,2.49%,2.34%,1.88%,0,0,0,0,3
No PEF B+190_t6_c2,No,B,Infected,190,3.0,0,0,0,0,0,0,4.59%,6.87%,17.44%,40.58%,13.66%,6.93%,3.77%,0,4.01%,2.16%,0,0,0,0,3
No PEF B+190_t6_c3,No,B,Infected,190,3.0,0,0,0,0,0,3.15%,11.05%,33.80%,26.29%,10.35%,3.35%,3.09%,1.31%,4.27%,1.37%,1.97%,0,0,0,0,3
No PEF B+190_t6_c4,No,B,Infected,190,3.0,0,0,0,0,0,0,5.98%,22.08%,23.20%,28.57%,7.64%,1.90%,2.88%,1.07%,3.77%,2.90%,0,0,0,0,3
No PEF B+190_t6_c5,No,B,Infected,190,3.0,0,4.53%,0,5.59%,10.54%,29.04%,18.95%,11.51%,7.62%,3.35%,1.33%,0,0.95%,3.73%,0,2.86%,0,0,0,0,3.5
No PEF D+190_t6_c1,No,D,Infected,190,3.0,0,0,0,4.96%,5.34%,9.32%,13.53%,34.30%,12.87%,10.50%,1.90%,0,1.94%,3.21%,0,2.14%,0,0,0,0,3
No PEF D+190_t6_c2,No,D,Infected,190,3.0,0,0,0,0,0,3.96%,16.18%,15.91%,36.36%,11.81%,4.76%,3.44%,1.06%,1.48%,2.67%,2.39%,0,0,0,0,3
No PEF D+190_t6_c3,No,D,Infected,190,3.0,0,0,2.14%,5.23%,13.52%,25.76%,15.34%,13.70%,12.53%,2.18%,1.79%,0,1.70%,3.62%,0,2.49%,0,0,0,0,3.5
No PEF D+190_t6_c4,No,D,Infected,190,3.0,0,0,4.97%,23.73%,18.73%,20.15%,13.45%,5.46%,4.47%,1.38%,0,1.78%,0,3.76%,0,2.10%,0,0,0,0,4
No PEF D+190_t6_c5,No,D,Infected,190,3.0,0,0,0,0,5.43%,8.52%,14.55%,17.35%,21.32%,12.35%,8.69%,4.43%,1.58%,1.25%,2.38%,2.14%,0,0,0,0,3
No PEF D+190_t7_c1,No,D,Infected,190,3.5,0,0,0,3.63%,6.98%,23.09%,14.40%,14.37%,19.55%,7.65%,4.73%,0,1.69%,2.66%,0,1.25%,0,0,0,0,3
No PEF D+190_t7_c2,No,D,Infected,190,3.5,0,0,8.68%,25.99%,26.25%,13.82%,13.09%,0,4.79%,1.66%,1.32%,0,1.08%,2.16%,1.16%,0,0,0,0,0,4
No PEF D+190_t7_c3,No,D,Infected,190,3.5,0,0,0,0,3.97%,9.23%,13.11%,31.74%,16.07%,10.59%,6.01%,2.79%,0,2.43%,2.23%,1.84%,0,0,0,0,3
No PEF D+190_t7_c4,No,D,Infected,190,3.5,0,0,4.90%,0,9.53%,15.09%,21.00%,19.49%,13.66%,6.18%,1.96%,3.06%,0,2.57%,2.58%,0,0,0,0,0,3.5
No PEF D+190_t7_c5,No,D,Infected,190,3.5,0,0,0.18%,0,5.52%,18.57%,18.92%,23.67%,21.36%,4.40%,2.97%,0,2.90%,0,0,1.50%,0,0,0,0,3.5
PEF B+190_t8_c1,Yes,B,Infected,190,4.0,0,0,0,0,7.29%,11.71%,16.03%,18.55%,16.26%,14.82%,7.74%,3.01%,1.70%,2.03%,0,0.84%,0,0,0,0,3
PEF B+190_t8_c2,Yes,B,Infected,190,4.0,0,0,0,2.38%,6.83%,12.24%,13.09%,20.95%,14.50%,18.58%,4.53%,2.28%,0,2.40%,0,2.21%,0,0,0,0,3.5
PEF B+190_t8_c3,Yes,B,Infected,190,4.0,0,0,0,0,0,5.39%,32.26%,19.94%,14.47%,9.20%,10.50%,2.17%,1.83%,0,2.96%,1.29%,0,0,0,0,3.5
PEF B+190_t8_c4,Yes,B,Infected,190,4.0,0,0,0,0,7.00%,10.33%,9.45%,18.28%,28.65%,13.27%,4.24%,2.47%,2.01%,0,2.84%,1.45%,0,0,0,0,3.5
No PEF C+190_t9_c1,No,C,Infected,190,4.5,0,4.14%,9.85%,15.99%,20.86%,17.01%,15.64%,4.17%,2.89%,4.34%,1.43%,0,1.80%,0,0,1.87%,0,0,0,0,4
No PEF C+190_t9_c2,No,C,Infected,190,4.5,0,5.32%,11.22%,23.36%,21.58%,11.28%,15.38%,2.19%,5.29%,0,1.67%,0,1.26%,0,0,1.45%,0,0,0,0,4
No PEF C+190_t9_c3,No,C,Infected,190,4.5,0,6.68%,15.31%,15.53%,24.89%,10.42%,8.06%,8.33%,3.96%,1.55%,2.58%,0,1.89%,0,0,0.79%,0,0,0,0,4
No PEF C+190_t9_c4,No,C,Infected,190,4.5,0,0,20.69%,21.85%,20.66%,13.43%,10.10%,6.95%,1.43%,1.81%,0,1.39%,0.96%,0,0.72%,0,0,0,0,0,4
No PEF D+190_t9_c1,No,D,Infected,190,4.5,0,0,0,8.05%,0,11.09%,8.33%,12.19%,19.80%,17.33%,10.21%,5.73%,0,3.85%,1.85%,1.57%,0,0,0,0,3
No PEF D+190_t9_c2,No,D,Infected,190,4.5,0,0,6.72%,10.30%,17.93%,17.63%,13.80%,18.19%,7.04%,2.20%,1.82%,0,1.36%,2.23%,0,0.78%,0,0,0,0,3.5
No PEF D+190_t9_c3,No,D,Infected,190,4.5,0,0,0,0,22.16%,13.56%,23.28%,7.18%,11.08%,9.27%,3.80%,3.97%,2.23%,0,2.30%,1.16%,0,0,0,0,3.5
No PEF D+190_t9_c4,No,D,Infected,190,4.5,0,0,4.64%,6.01%,0,14.22%,22.87%,14.44%,12.48%,7.75%,3.91%,3.54%,1.96%,2.34%,3.52%,2.31%,0,0,0,0,3.5
PEF B+190_t9_c1,Yes,B,Infected,190,4.5,0,0,0,0,5.66%,10.21%,16.22%,11.61%,16.00%,13.53%,11.23%,9.70%,0,2.83%,1.92%,1.11%,0,0,0,0,3.5
PEF B+190_t9_c2,Yes,B,Infected,190,4.5,0,0,0,2.81%,6.38%,9.60%,15.80%,13.30%,17.70%,12.03%,8.76%,6.78%,1.96%,1.79%,0,3.07%,0,0,0,0,3.5
PEF B+190_t9_c3,Yes,B,Infected,190,4.5,0,0,5.06%,11.94%,28.03%,15.31%,18.54%,11.56%,0,3.26%,2.48%,0,1.91%,0,1.90%,0,0,0,0,0,4
PEF B+190_t9_c4,Yes,B,Infected,190,4.5,0,0,0,0,0,2.62%,14.15%,18.35%,24.67%,16.01%,10.41%,4.81%,1.26%,2.74%,2.88%,2.10%,0,0,0,0,3.5
PEF D+190_t10_c1,Yes,D,Infected,190,5.0,0,0,12.44%,19.94%,18.63%,13.18%,16.14%,10.65%,3.29%,0,2.35%,0,1.03%,0,1.56%,0.80%,0,0,0,0,4
PEF D+190_t10_c3,Yes,D,Infected,190,5.0,0,0,7.93%,29.27%,28.18%,15.92%,5.06%,3.36%,4.52%,0,1.68%,1.39%,1.10%,0,1.61%,0,0,0,0,0,4
No PEF A+190_t12_c1,No,A,Infected,190,8.0,0,6.39%,11.20%,34.45%,17.09%,15.00%,7.70%,2.01%,2.16%,1.08%,0,0.90%,0,1.20%,0.82%,0,0,0,0,0,4
No PEF A+190_t12_c2,No,A,Infected,190,8.0,0,6.53%,21.09%,26.80%,16.15%,15.54%,3.80%,3.16%,2.73%,1.59%,0.98%,0,1.01%,0,0.61%,0,0,0,0,0,4
No PEF A+190_t12_c3,No,A,Infected,190,8.0,0,0,9.47%,11.42%,16.73%,13.86%,13.03%,16.12%,5.66%,7.52%,3.63%,0,1.20%,0,1.36%,0,0,0,0,0,4
No PEF A+190_t14_c1,No,A,Infected,190,11.0,0,0,18.53%,20.65%,23.34%,23.16%,3.77%,5.15%,1.53%,0,1.00%,0,0.96%,1.90%,0,0,0,0,0,0,4
No PEF A+190_t14_c2,No,A,Infected,190,11.0,0,0,11.64%,25.05%,26.02%,12.98%,5.56%,7.00%,2.33%,3.03%,1.28%,1.66%,2.34%,0,1.10%,0,0,0,0,0,4
No PEF A+190_t14_c3,No,A,Infected,190,11.0,0,7.72%,34.16%,22.31%,19.69%,7.49%,3.01%,1.63%,0,0.89%,0,0.86%,0,2.23%,0,0,0,0,0,0,4
No PEF A+190_t14_c4,No,A,Infected,190,11.0,0,0,0,5.74%,4.29%,18.24%,16.61%,21.49%,17.45%,8.33%,3.11%,0,3.05%,0,1.70%,0,0,0,0,0,3.5
No PEF A+190_t14_c5,No,A,Infected,190,11.0,0,25.80%,28.48%,17.96%,11.95%,8.48%,3.06%,0,1.33%,0,0.88%,0,1.42%,0.63%,0,0,0,0,0,0,4
No PEF A+190_t14_c6,No,A,Infected,190,11.0,0,5.34%,13.59%,25.59%,28.10%,12.94%,7.57%,2.65%,0,1.25%,0,1.01%,0,1.96%,0,0,0,0,0,0,4
No PEF A+190_t15_c1,No,A,Infected,190,12.5,0,11.15%,24.00%,20.81%,18.48%,9.99%,5.46%,5.26%,0,2.74%,0,1.07%,0,1.03%,0,0,0,0,0,0,4
No PEF A+190_t15_c2,No,A,Infected,190,12.5,0,10.90%,15.97%,20.06%,19.19%,8.35%,9.15%,6.58%,5.14%,0,1.87%,1.95%,0,0.85%,0,0,0,0,0,0,4
No PEF A+190_t15_c3,No,A,Infected,190,12.5,4.85%,9.78%,20.45%,21.77%,18.99%,14.29%,3.38%,2.78%,1.23%,1.21%,0,0,1.27%,0,0,0,0,0,0,0,4
No PEF A+190_t15_c4,No,A,Infected,190,12.5,0,6.33%,33.68%,29.52%,9.93%,11.95%,3.76%,2.27%,0.89%,0.61%,0,0.50%,0,0.57%,0,0,0,0,0,0,4
No PEF A+190_t15_c5,No,A,Infected,190,12.5,0,0,11.00%,25.72%,19.35%,10.55%,11.97%,10.30%,6.31%,0,2.85%,0,0,1.95%,0,0,0,0,0,0,4
No PEF A+190_t15_c6,No,A,Infected,190,12.5,0,7.75%,10.77%,14.84%,21.84%,13.96%,12.14%,4.29%,7.73%,2.99%,1.88%,0,1.24%,0,0.57%,0,0,0,0,0,4
PEF A+190_t15_c1,Yes,A,Infected,190,12.5,0,0,0,5.86%,15.31%,22.85%,23.57%,6.40%,14.00%,5.36%,4.35%,0,1.01%,0,1.29%,0,0,0,0,0,3.5
PEF A+190_t15_c2,Yes,A,Infected,190,12.5,0,0,4.80%,11.91%,28.70%,21.51%,16.40%,7.32%,3.62%,2.00%,1.04%,0,1.49%,0,1.20%,0,0,0,0,0,3.5
PEF A+190_t15_c3,Yes,A,Infected,190,12.5,0,12.05%,20.85%,29.58%,11.76%,12.47%,2.73%,3.33%,2.07%,1.59%,0,1.06%,0,1.79%,0.72%,0,0,0,0,0,4
PEF A+190_t15_c4,Yes,A,Infected,190,12.5,0,0,3.38%,6.44%,11.39%,13.33%,25.74%,19.48%,9.89%,4.50%,2.01%,1.36%,0,1.71%,0,0.78%,0,0,0,0,3.5
PEF A+190_t15_c5,Yes,A,Infected,190,12.5,0,0,0,0,7.57%,15.22%,28.52%,30.60%,9.70%,3.73%,1.05%,1.51%,1.04%,0,1.06%,0,0,0,0,0,3.5
PEF A+190_t16_c1,Yes,A,Infected,190,14.0,0,0,4.98%,6.44%,15.17%,18.60%,22.16%,21.19%,5.69%,0,2.06%,1.06%,0,2.07%,0,0.57%,0,0,0,0,3.5
PEF A+190_t16_c2,Yes,A,Infected,190,14.0,0,0,7.79%,10.38%,18.26%,21.59%,15.97%,11.50%,4.88%,4.42%,1.22%,0.92%,0,1.20%,1.86%,0,0,0,0,0,4
PEF A+190_t16_c3,Yes,A,Infected,190,14.0,0,0,0,5.37%,18.65%,26.47%,22.68%,8.36%,8.30%,3.18%,2.13%,1.00%,0.74%,2.10%,0,1.02%,0,0,0,0,4
PEF A+190_t16_c4,Yes,A,Infected,190,14.0,0,0,5.95%,14.08%,22.16%,17.41%,15.37%,12.50%,5.36%,1.98%,1.85%,0,1.47%,0,1.87%,0,0,0,0,0,4
PEF A+190_t16_c5,Yes,A,Infected,190,14.0,0,0,0,10.69%,28.57%,18.98%,13.96%,10.20%,0,7.25%,3.32%,1.35%,1.80%,2.27%,0,1.60%,0,0,0,0,4
PEF D+190_t2 (1)_c1,Yes,D,Infected,190,1.0,0,0,0,0,0,0,0,0,0,0.43%,0,7.70%,36.61%,35.25%,14.79%,3.52%,1.70%,0,0,0,1
PEF D+190_t2 (1)_c2,Yes,D,Infected,190,1.0,0,0,0,0,0,0,0,0,0.83%,3.25%,10.01%,16.52%,25.61%,31.85%,7.28%,2.26%,2.38%,0,0,0,1
PEF D+190_t2 (1)_c3,Yes,D,Infected,190,1.0,0,0,0,0,0,0,0,0,0,0,0,0,2.36%,7.04%,36.97%,51.07%,2.56%,0,0,0,0
PEF D+190_t2 (1)_c4,Yes,D,Infected,190,1.0,0,0,0,0,0,0,0,0,0.79%,0,1.52%,9.85%,42.74%,33.85%,6.17%,3.14%,1.93%,0,0,0,1
PEF D+190_t2 (2)_c2,Yes,D,Infected,190,1.0,0,0,0,0,0,0,0,0,0.53%,0,2.81%,7.21%,23.80%,24.10%,36.03%,2.97%,2.55%,0,0,0,1
PEF D+190_t2 (2)_c3,Yes,D,Infected,190,1.0,0,0,0,0,0,0,0,0,0,0,0,0,0,5.59%,23.99%,65.23%,5.19%,0,0,0,"""00"""
